-0.000739513	0.025328757	0
-0.000436927	0.025268736	0.054999999
1.96054E-05	0.025305824	0.154999996
0.000536655	0.025357567	0.254999994
0.001019731	0.025738156	0.354999991
0.001578187	0.025579459	0.454999989
0.002076126	0.025537863	0.554999986
0.002559674	0.025424851	0.654899983
0.003060326	0.025448497	0.754799981
0.003576314	0.025467604	0.854799978
0.004045587	0.025494331	0.954799976
0.004607229	0.025480173	1.054799973
0.005073317	0.025505529	1.154799971
0.00555924	0.025471841	1.254699968
0.006076626	0.025457524	1.354599966
0.006557579	0.02545162	1.454599963
0.007035345	0.025501163	1.554599961
0.007524791	0.025571883	1.654599958
0.008013175	0.025564386	1.754599956
0.00857163	0.025569523	1.854599953
0.009034809	0.025492252	1.954499951
0.00954946	0.025520731	2.054399948
0.010077127	0.025561852	2.154399946
0.010578251	0.025652834	2.254399943
0.011071945	0.025605052	2.354399941
0.011570944	0.02557731	2.454399938
0.012055082	0.025525353	2.554399935
0.012527541	0.02551016	2.654199933
0.013078565	0.025597412	2.75419993
0.013574379	0.025564407	2.854199928
0.014025605	0.025597434	2.954199925
0.014572381	0.025555359	3.054199923
0.015042718	0.025581441	3.15419992
0.015555377	0.025513729	3.254099918
0.016037533	0.025582327	3.353999915
0.016554585	0.025551372	3.453999913
0.017029162	0.025641785	3.55399991
0.017529229	0.025629152	3.653999908
0.018083436	0.02557564	3.753999905
0.018500688	0.025511917	3.853999903
0.019018028	0.025512481	3.9538999
0.019533724	0.025556287	4.053799898
0.020063514	0.025607714	4.153799895
0.020552959	0.025551948	4.253799893
0.021046652	0.025633272	4.35379989
0.021570073	0.025570501	4.453799887
0.022076884	0.025566033	4.553699885
0.022570198	0.025610617	4.653599882
0.023008682	0.025600287	4.75359988
0.023542719	0.025666946	4.853599877
0.024071449	0.025621155	4.953599875
0.024544971	0.025637996	5.053599872
0.025040783	0.025574091	5.15359987
0.025537726	0.025624031	5.253499867
0.026026042	0.025603222	5.353399865
0.02653566	0.02569177	5.453399862
0.027048465	0.025662422	5.55339986
0.027561272	0.025715897	5.653399857
0.028067701	0.025615674	5.753399855
0.028515739	0.02554696	5.853399852
0.029014122	0.02571011	5.95329985
0.029554084	0.025714859	6.053199847
0.03006264	0.025737329	6.153199845
0.030566955	0.025751897	6.253199842
0.031045783	0.025661211	6.35319984
0.031554338	0.025638245	6.453199837
0.031998895	0.025678677	6.553099834
0.032526858	0.025716491	6.652999832
0.033055585	0.025743646	6.752999829
0.033526983	0.025673055	6.852999827
0.034029167	0.025753668	6.952999824
0.034544095	0.02567738	7.052999822
0.035026107	0.025717734	7.152999819
0.035527453	0.025739097	7.252899817
0.036037914	0.02581961	7.352799814
0.036548592	0.025789964	7.452799812
0.037078384	0.025826932	7.552799809
0.037545536	0.025759606	7.652799807
0.038051967	0.02577736	7.752799804
0.038546726	0.025799536	7.852799802
0.039047845	0.025814309	7.952599799
0.039582942	0.025767692	8.052599797
0.040040538	0.025813258	8.152599794
0.040584128	0.025825914	8.252599792
0.041038539	0.025758585	8.352599789
0.041591685	0.025806921	8.452599786
0.042029954	0.025792217	8.552499784
0.042587567	0.025882085	8.652399781
0.043046217	0.02587008	8.752399779
0.043516554	0.025791921	8.852399776
0.044086691	0.025744102	8.952399774
0.044536855	0.025765029	9.052399771
0.045061339	0.025849463	9.152399769
0.045546729	0.025826593	9.252299766
0.046054032	0.025838617	9.352199764
0.046555154	0.025840805	9.452199761
0.047044598	0.025797663	9.552199759
0.047473531	0.025750425	9.652199756
0.048062775	0.025798451	9.752199754
0.048543394	0.02576174	9.852099751
0.049057592	0.025920109	9.951999749
0.049592685	0.025881466	10.05199975
0.050074708	0.025882979	10.15199974
0.050536539	0.025748662	10.25199974
0.051055711	0.025771984	10.35199974
0.051541973	0.025771194	10.45199974
0.052019492	0.025804483	10.55189973
0.052549537	0.025802545	10.65179973
0.053067647	0.025832532	10.75179973
0.05355709	0.02574327	10.85179973
0.054021049	0.025714259	10.95179972
0.054541294	0.025775941	11.05179972
0.055043478	0.02575771	11.15179972
0.055555657	0.02580028	11.25169972
0.056047853	0.025774944	11.35159971
0.056535166	0.025736718	11.45159971
0.057038419	0.025700747	11.55159971
0.057545912	0.025725476	11.65159971
0.058037475	0.025731806	11.7515997
0.058510568	0.025764683	11.8514997
0.059057783	0.025752808	11.9513997
0.059548285	0.02577092	12.0513997
0.060003754	0.02569872	12.15139969
0.060537796	0.025659951	12.25139969
0.061068643	0.025695662	12.35139969
0.061572965	0.025708414	12.45139969
0.062044445	0.025723047	12.55129968
0.062550783	0.025743622	12.65119968
0.063033864	0.025663585	12.75119968
0.063505262	0.02561031	12.85119968
0.064048856	0.02568724	12.95119967
0.064545721	0.025667149	13.05119967
0.065031983	0.025664668	13.15119967
0.065532371	0.025633009	13.25109967
0.066084132	0.025640032	13.35099966
0.066545978	0.025470189	13.45099966
0.067022681	0.025520874	13.55099966
0.067533359	0.025559104	13.65099966
0.06802281	0.025592453	13.75099965
0.068544999	0.025587452	13.85089965
0.069105737	0.025651203	13.95079965
0.069520868	0.025544643	14.05079965
0.070050664	0.02549953	14.15079964
0.070517808	0.025549221	14.25079964
0.071043357	0.025535893	14.35079964
0.071558282	0.025566146	14.45079963
0.072063759	0.025540639	14.55069963
0.072556287	0.025496763	14.65059963
0.073049985	0.025435747	14.75059963
0.073504388	0.025446812	14.85059962
0.074045852	0.025447416	14.95059962
0.074553348	0.025511686	15.05059962
0.07507465	0.02544399	15.15059962
0.075560905	0.025504807	15.25039961
0.076091751	0.025425165	15.35039961
0.076591812	0.025368649	15.45039961
0.077058963	0.025403519	15.55039961
0.077532493	0.025426168	15.6503996
0.078073956	0.025431247	15.7503996
0.078540824	0.025466688	15.8502996
0.079082571	0.025386735	15.9501996
0.079574153	0.025279269	16.05019959
0.080026433	0.025330542	16.15019959
0.08054667	0.025326979	16.25019959
0.081027612	0.025375821	16.35019959
0.081559531	0.025326178	16.45019958
0.082039677	0.025307331	16.55009958
0.082549043	0.025282176	16.64999958
0.083055466	0.025282593	16.74999958
0.083507761	0.025280324	16.84999957
0.084025882	0.025283172	16.94999957
0.084563091	0.025298149	17.04999957
0.085046634	0.025260485	17.14989957
0.08552818	0.025227248	17.24979956
0.086054794	0.025196361	17.34979956
0.086503893	0.025203186	17.44979956
0.087035798	0.025205885	17.54979956
0.087547541	0.025226227	17.64979955
0.088033795	0.025220595	17.74979955
0.08852414	0.0251963	17.84969955
0.08904136	0.02509515	17.94959955
0.089535058	0.025126179	18.04959954
0.090039358	0.025131825	18.14959954
0.09056066	0.025129231	18.24959954
0.091053285	0.02511857	18.34959954
0.091544859	0.025100401	18.44959953
0.092046157	0.025055517	18.54949953
0.092553481	0.025081498	18.64939953
0.093054608	0.025075927	18.74939953
0.093576968	0.025079992	18.84939952
0.094004825	0.025125867	18.94939952
0.094544172	0.025132772	19.04939952
0.095050216	0.025071277	19.14929952
0.095494404	0.025076891	19.24919951
0.096050724	0.025094929	19.34919951
0.096543364	0.025050273	19.44919951
0.097022183	0.025031237	19.54919951
0.097558349	0.025063676	19.6491995
0.098036118	0.025048851	19.7491995
0.098512925	0.024986085	19.8490995
0.099078715	0.024976258	19.9489995
0.099564977	0.025014612	20.04899949
0.100025751	0.025076054	20.14899949
0.100573599	0.025046763	20.24899949
0.101064108	0.025078031	20.34899949
0.101570524	0.025001828	20.44899948
0.102023087	0.02498253	20.54889948
0.102556847	0.025026134	20.64879948
0.103083469	0.024992524	20.74879948
0.103588827	0.025021717	20.84879947
0.104084633	0.025037547	20.94879947
0.104551792	0.025027861	21.04879947
0.105065256	0.024937048	21.14869947
0.105541304	0.024991103	21.24859946
0.106025435	0.024968036	21.34859946
0.106522322	0.025020543	21.44859946
0.107066967	0.025014971	21.54859946
0.107572339	0.025042712	21.64859945
0.108025692	0.024975338	21.74859945
0.108523585	0.024986806	21.84849945
0.10901732	0.025027696	21.94839945
0.109572589	0.025014045	22.04839944
0.110018514	0.025022482	22.14839944
0.110507943	0.025057072	22.24839944
0.111023948	0.025018205	22.34839944
0.111550547	0.024949049	22.44839943
0.112048499	0.025036843	22.54819943
0.112553865	0.025005452	22.64819943
0.113019936	0.025069993	22.74819943
0.113525316	0.02508717	22.84819942
0.11403919	0.025067053	22.94819942
0.114506342	0.024990577	23.04819942
0.115031786	0.025009	23.14809942
0.115552105	0.025043643	23.24799941
0.116063856	0.025036671	23.34799941
0.116556481	0.025015461	23.44799941
0.117042743	0.025097347	23.54799941
0.117553413	0.025018302	23.6479994
0.117979161	0.025005053	23.7479994
0.118550487	0.025074939	23.8478994
0.119072728	0.025085437	23.9477994
0.119554743	0.025137379	24.04779939
0.120031439	0.025130529	24.14779939
0.120564416	0.02514994	24.24779939
0.120986976	0.025002356	24.34779938
0.121562019	0.025099588	24.44769938
0.122061417	0.025123996	24.54759938
0.122481853	0.025215694	24.64759938
0.123028636	0.025150492	24.74759937
0.123547792	0.025158865	24.84759937
0.124047868	0.025114848	24.94759937
0.124538369	0.025113166	25.04759937
0.125049025	0.025178375	25.14749936
0.125537425	0.0252053	25.24739936
0.126029	0.02523099	25.34739936
0.126544997	0.025272362	25.44739936
0.127037629	0.025218842	25.54739935
0.127583325	0.025153254	25.64739935
0.128043056	0.025232081	25.74739935
0.128535002	0.025223563	25.84729935
0.129014507	0.025369683	25.94719934
0.129526258	0.025345168	26.04719934
0.13004756	0.025332337	26.14719934
0.130529568	0.025309053	26.24719934
0.13104555	0.025311953	26.34719933
0.13154839	0.025350469	26.44709933
0.132053107	0.025421371	26.54699933
0.132534057	0.025393214	26.64699933
0.133045807	0.025408986	26.74699932
0.133562848	0.025383137	26.84699932
0.134063974	0.02540135	26.94699932
0.134562984	0.025437639	27.04699932
0.135042965	0.0254772	27.14689931
0.135524884	0.025537012	27.24679931
0.136015385	0.025528754	27.34679931
0.13653776	0.025533589	27.44679931
0.137003824	0.025454818	27.5467993
0.137547418	0.025539535	27.6467993
0.138034746	0.025622081	27.7467993
0.13854906	0.025696098	27.8466993
0.139078408	0.025719801	27.94659929
0.139551908	0.025659805	28.04659929
0.140058354	0.025653505	28.14659929
0.140566915	0.025684399	28.24659929
0.141054243	0.0257563	28.34659928
0.141568646	0.025788958	28.44649928
0.142071351	0.025788597	28.54639928
0.142544866	0.025849945	28.64639928
0.143009886	0.025860765	28.74639927
0.143556684	0.025877058	28.84639927
0.14403975	0.025910284	28.94639927
0.144556805	0.025949841	29.04639927
0.145024225	0.026062853	29.14629926
0.145520821	0.026067724	29.24619926
0.146024078	0.026078385	29.34619926
0.146512464	0.026089545	29.44619926
0.14706561	0.026109916	29.54619925
0.147538066	0.026174373	29.64619925
0.148084417	0.02626025	29.74609925
0.14853926	0.026273061	29.84599925
0.149060547	0.026343036	29.94599924
0.149563789	0.026339198	30.04599924
0.150041565	0.026381084	30.14599924
0.150546938	0.026438545	30.24599924
0.151051238	0.026492709	30.34599923
0.151573226	0.026548707	30.44589923
0.152038619	0.026628101	30.54579923
0.152555659	0.026661795	30.64579923
0.153056815	0.026621846	30.74579922
0.153530344	0.0267181	30.84579922
0.154014453	0.02679335	30.94579922
0.154568672	0.026875919	31.04579922
0.155064926	0.026926265	31.14569921
0.155543312	0.026936422	31.24559921
0.156047627	0.026952502	31.34559921
0.156544492	0.027009536	31.44559921
0.157046691	0.027157047	31.5455992
0.157523379	0.027127288	31.6455992
0.158077255	0.02729894	31.7454992
0.158544749	0.027372705	31.8453992
0.159088343	0.027357281	31.94539919
0.159522578	0.027395838	32.04539919
0.160019457	0.027542543	32.14539919
0.160522714	0.027577791	32.24539919
0.161036581	0.027682813	32.34539918
0.161552608	0.027761037	32.44529918
0.162038818	0.027829472	32.54519918
0.162558004	0.027817466	32.64519918
0.163031518	0.02794897	32.74519917
0.163547501	0.028065783	32.84519917
0.164063498	0.028204852	32.94519917
0.164552942	0.028241011	33.04519917
0.165019512	0.028345051	33.14509916
0.165556252	0.028367779	33.24499916
0.166083902	0.028406959	33.34499916
0.166527703	0.028547384	33.44499916
0.167050064	0.028635173	33.54499915
0.167529941	0.028680928	33.64499915
0.168071032	0.028839175	33.74489915
0.16855979	0.028905905	33.84479915
0.169040754	0.028898277	33.94479914
0.169512153	0.029089394	34.04479914
0.170068488	0.029219812	34.14479914
0.170492098	0.029298696	34.24479913
0.171046317	0.029417726	34.34479913
0.171544224	0.029534356	34.44469913
0.172008216	0.029574253	34.54459913
0.172564551	0.029666198	34.64459912
0.173010468	0.029871977	34.74459912
0.17355299	0.029931902	34.84459912
0.17401804	0.030046221	34.94459912
0.174500048	0.030201354	35.04459911
0.175064862	0.030253006	35.14439911
0.175548986	0.030294098	35.24439911
0.176039502	0.030497766	35.34439911
0.176565066	0.030617841	35.4443991
0.177001402	0.030775889	35.5443991
0.177575797	0.030891582	35.6443991
0.178050324	0.030983392	35.7442991
0.178514346	0.031073337	35.84419909
0.179023966	0.031246405	35.94419909
0.179556951	0.031348661	36.04419909
0.18006444	0.031585003	36.14419909
0.180521995	0.031670405	36.24419908
0.181059256	0.031827719	36.34419908
0.181528822	0.031885515	36.44409908
0.182023272	0.031996049	36.54399908
0.182550937	0.032188212	36.64399907
0.183039322	0.032318749	36.74399907
0.183582932	0.032535427	36.84399907
0.184050083	0.032666545	36.94399907
0.184548676	0.032797589	37.04389906
0.185022593	0.032880601	37.14379906
0.185498238	0.03306501	37.24379906
0.185999364	0.033243736	37.34379906
0.18654719	0.033442878	37.44379905
0.187026009	0.03355376	37.54379905
0.187531382	0.033754218	37.64379905
0.188092947	0.033928431	37.74369905
0.188529387	0.034032676	37.84359904
0.189065561	0.034264418	37.94359904
0.189495564	0.034422416	38.04359904
0.190059319	0.034657195	38.14359904
0.190559387	0.034801631	38.24359903
0.191007435	0.034991243	38.34359903
0.191529289	0.035147082	38.44349903
0.192002237	0.035403614	38.54339903
0.192554325	0.035562761	38.64339902
0.193046942	0.035754846	38.74339902
0.193537459	0.035976349	38.84339902
0.194003522	0.036167658	38.94339902
0.19450219	0.03632494	39.04329901
0.195027024	0.036622579	39.14319901
0.195561066	0.036831214	39.24319901
0.196008042	0.037093479	39.34319901
0.196570739	0.037320495	39.443199
0.197037876	0.037548404	39.543199
0.197499722	0.037724373	39.643199
0.198048547	0.037961942	39.743099
0.198522151	0.038237095	39.84299899
0.19903627	0.038476828	39.93799899
0.199139073	0.03868293	39.98799899
0.199196398	0.038402494	39.98859899
0.199034959	0.027864901	40.04359899
0.198517889	0.017188989	40.14359899
0.198039845	0.011970132	40.24349898
0.197539002	0.009147581	40.34339898
0.197048515	0.007508976	40.44339898
0.196514472	0.006320237	40.54339898
0.195984662	0.005481859	40.64339897
0.19544588	0.004566089	40.75839897
0.194851115	0.003624516	40.87329897
0.194342226	0.003020413	40.97319896
0.193883583	0.002459657	41.07319896
0.193367586	0.00187514	41.17319896
0.192813367	0.001367974	41.27319896
0.192393988	0.000898163	41.37319895
0.191842973	0.000364379	41.47319895
0.19135575	-4.66047E-05	41.57309895
0.190820545	-0.000392475	41.67299895
0.190360844	-0.000886321	41.77299894
0.189901128	-0.001275612	41.87299894
0.18930763	-0.001745622	41.97299894
0.188865945	-0.002108013	42.07299894
0.188344657	-0.002442749	42.17299893
0.187843025	-0.002753598	42.27289893
0.187365755	-0.003088739	42.37279893
0.186892241	-0.003509718	42.47279893
0.186362445	-0.003854281	42.57279892
0.185846478	-0.004121876	42.67279892
0.185388863	-0.004468754	42.77279892
0.184868932	-0.00473401	42.87269892
0.184371755	-0.005006965	42.97259891
0.183878079	-0.005338485	43.07259891
0.183355704	-0.005605629	43.17259891
0.182902381	-0.005980059	43.27259891
0.182323739	-0.006214934	43.3725989
0.181893751	-0.006431753	43.4725989
0.18138507	-0.006602245	43.5724989
0.180876642	-0.006916966	43.6723989
0.180378675	-0.007155125	43.77239889
0.179864839	-0.007468289	43.87239889
0.179342479	-0.007670179	43.97239889
0.178859383	-0.007939828	44.07239889
0.178379506	-0.008087281	44.17239888
0.177868828	-0.008309298	44.27219888
0.177364513	-0.008540057	44.37219888
0.176827297	-0.008771044	44.47219888
0.176358014	-0.0090054	44.57219887
0.175840974	-0.009211322	44.67219887
0.175317541	-0.009377776	44.77219887
0.174855813	-0.009487963	44.87209887
0.174359903	-0.009782533	44.97199886
0.17387788	-0.009965903	45.07199886
0.173366144	-0.010165433	45.17199886
0.172901109	-0.010316701	45.27199886
0.172372386	-0.010495299	45.37199885
0.171845794	-0.010628431	45.47199885
0.17133674	-0.010827093	45.57189885
0.170709759	-0.010355451	45.70179885
0.170258522	-0.010728167	45.80179884
0.169752091	-0.010975918	45.90179884
0.169255227	-0.011119912	46.00179884
0.168764725	-0.011186058	46.10179884
0.16822654	-0.011384207	46.20169883
0.167716816	-0.011594199	46.30159883
0.167242229	-0.011722673	46.40159883
0.166738972	-0.011840659	46.50159883
0.166192189	-0.012026948	46.60159882
0.165750533	-0.012094568	46.70159882
0.165249407	-0.012189613	46.80159882
0.164772451	-0.01237623	46.90149882
0.164279014	-0.012508223	47.00139881
0.163724795	-0.012710133	47.10139881
0.163251296	-0.012748691	47.20139881
0.162719384	-0.012923372	47.30139881
0.162229925	-0.013000381	47.4013988
0.161750376	-0.013134511	47.5012988
0.161244646	-0.013247941	47.6011988
0.160755232	-0.013382305	47.70119879
0.160249844	-0.01347868	47.80119879
0.159773126	-0.013617723	47.90119879
0.159223184	-0.013645782	48.00119879
0.158740118	-0.013769299	48.10119878
0.158234581	-0.013918474	48.20109878
0.157765478	-0.014017309	48.30099878
0.157203808	-0.014101529	48.40099878
0.156753659	-0.014217173	48.50099877
0.15622811	-0.014362614	48.60099877
0.155699387	-0.014301876	48.70099877
0.155256659	-0.01448372	48.80099877
0.154740348	-0.014545836	48.90089876
0.154218301	-0.01467632	49.00079876
0.153805301	-0.014741904	49.10079876
0.153221369	-0.014839046	49.20079876
0.152734041	-0.0148561	49.30079875
0.152215928	-0.014942137	49.40079875
0.151753217	-0.015041057	49.50069875
0.15124023	-0.015162658	49.60059875
0.15075928	-0.015283409	49.70059874
0.1502316	-0.015371172	49.80059874
0.149719864	-0.015395508	49.90059874
0.149263352	-0.015406557	50.00059874
0.148761153	-0.015531302	50.10059873
0.148270726	-0.015578498	50.20049873
0.147764206	-0.015680598	50.30039873
0.147214234	-0.015714811	50.40039873
0.146726921	-0.015810691	50.50039872
0.146247029	-0.015820738	50.60039872
0.14573954	-0.015902577	50.70039872
0.145238414	-0.015996739	50.80039872
0.144725606	-0.016136961	50.90019871
0.144238293	-0.01611072	51.00019871
0.143727601	-0.016185462	51.10019871
0.143229663	-0.016198466	51.20019871
0.142734915	-0.016240413	51.3001987
0.142228484	-0.016380491	51.4001987
0.14176555	-0.016433268	51.5000987
0.141219869	-0.016454897	51.5999987
0.140752703	-0.016549505	51.69999869
0.14021337	-0.016583529	51.79999869
0.1397717	-0.016588563	51.89999869
0.139220685	-0.016700314	51.99999869
0.138736531	-0.016723504	52.09999868
0.138251081	-0.016824344	52.19989868
0.137717307	-0.016896169	52.29979868
0.137223616	-0.01694892	52.39979868
0.136713982	-0.016911239	52.49979867
0.136216059	-0.016902523	52.59979867
0.135718122	-0.017049629	52.69979867
0.135219604	-0.017117836	52.79969867
0.134754092	-0.017173007	52.89959866
0.13422218	-0.017204117	52.99959866
0.133721039	-0.017226126	53.09959866
0.133194447	-0.017220752	53.19959866
0.132743225	-0.017351087	53.29959865
0.132232547	-0.017369263	53.39959865
0.131740928	-0.017530879	53.49949865
0.131215423	-0.0175092	53.59939865
0.130745083	-0.017546272	53.69939864
0.13025564	-0.017526803	53.79939864
0.129744977	-0.017593686	53.89939864
0.129241705	-0.017670572	53.99939864
0.128740609	-0.017763966	54.09939863
0.128246397	-0.017810114	54.19929863
0.12782222	-0.017843519	54.29919863
0.127260581	-0.017803408	54.39919863
0.126733974	-0.017825676	54.49919862
0.126225427	-0.017926905	54.59919862
0.125751898	-0.018018905	54.69919862
0.125247911	-0.018035799	54.79909862
0.124724172	-0.018098674	54.89899861
0.124246404	-0.01813007	54.99899861
0.123789877	-0.018130563	55.09899861
0.123229295	-0.01818257	55.19899861
0.12270163	-0.018231241	55.2989986
0.12224403	-0.018320739	55.3989986
0.121742859	-0.018356939	55.4988986
0.121216305	-0.018390597	55.5987986
0.120716244	-0.018363855	55.69879859
0.120291561	-0.018388286	55.79879859
0.119734161	-0.018486136	55.89879859
0.119199067	-0.018563719	55.99879859
0.118714921	-0.018606089	56.09879858
0.11822547	-0.018684014	56.19859858
0.117745593	-0.018630326	56.29859858
0.117238082	-0.018652884	56.39859858
0.116744399	-0.01872388	56.49859857
0.116214603	-0.018730747	56.59859857
0.115736842	-0.018786322	56.69859857
0.115271978	-0.018888108	56.79849857
0.114716552	-0.018927395	56.89839856
0.114232406	-0.018907342	56.99839856
0.113773748	-0.018963536	57.09839856
0.113231227	-0.019034585	57.19839856
0.112776808	-0.019124912	57.29839855
0.112206675	-0.019127431	57.39839855
0.111755267	-0.019212917	57.49829855
0.111226737	-0.01917072	57.59819854
0.110718161	-0.019187236	57.69819854
0.11026483	-0.019290635	57.79819854
0.10976053	-0.019353161	57.89819854
0.109226488	-0.019395161	57.99819853
0.10873007	-0.019442015	58.09809853
0.10826245	-0.019462675	58.19799853
0.107735842	-0.019484625	58.29799853
0.107255951	-0.0195381	58.39799852
0.106691122	-0.019611059	58.49799852
0.106232472	-0.019663906	58.59799852
0.10571754	-0.019736167	58.69799852
0.105214275	-0.019731894	58.79789851
0.104753509	-0.019702621	58.89779851
0.104243897	-0.019783712	58.99779851
0.103758708	-0.019842404	59.09779851
0.10327138	-0.019914556	59.1977985
0.102757521	-0.019955361	59.2977985
0.102259569	-0.020057479	59.3977985
0.101744384	-0.020039553	59.4976985
0.101218045	-0.020069789	59.59759849
0.100727536	-0.02012702	59.69759849
0.10022641	-0.020188317	59.79759849
0.099767759	-0.020292165	59.89759849
0.0992231	-0.020304458	59.99759848
0.098730959	-0.020313775	60.09749848
0.098244205	-0.020369232	60.19739848
0.097756885	-0.020409092	60.29739848
0.097220726	-0.020486717	60.39739847
0.096763134	-0.020540252	60.49739847
0.096262023	-0.020594834	60.59739847
0.095806532	-0.020655574	60.69739847
0.09527158	-0.020679371	60.79729846
0.094715104	-0.020704506	60.89719846
0.094257511	-0.020780535	60.99719846
0.093745776	-0.020822726	61.09719846
0.093254201	-0.020884194	61.19719845
0.092736095	-0.02094052	61.29719845
0.092234962	-0.020988332	61.39719845
0.091765285	-0.020986447	61.49709845
0.09126775	-0.021081062	61.59699844
0.090778299	-0.021109396	61.69699844
0.090253823	-0.021174114	61.79699844
0.089772865	-0.021199733	61.89699844
0.089235656	-0.02133721	61.99699843
0.088758118	-0.021320667	62.09689843
0.088220671	-0.021380107	62.19679843
0.087751389	-0.021466758	62.29679843
0.087249205	-0.021540534	62.39679842
0.086749151	-0.021609855	62.49679842
0.086239524	-0.02161248	62.59679842
0.085715048	-0.021677315	62.69679842
0.085269958	-0.021678202	62.79669841
0.084743589	-0.02178661	62.89659841
0.084262632	-0.021818905	62.99659841
0.083760448	-0.021929217	63.09659841
0.083261438	-0.021962924	63.1965984
0.082778372	-0.022010752	63.2965984
0.082249641	-0.021999233	63.3965984
0.081704989	-0.02212791	63.4963984
0.081287734	-0.022125386	63.59639839
0.080760069	-0.022269658	63.69639839
0.080253638	-0.022311124	63.79639839
0.079729162	-0.022351677	63.89639839
0.079246089	-0.022372294	63.99639838
0.078779243	-0.022451348	64.09629838
0.078248076	-0.022542278	64.19619838
0.07775227	-0.022614383	64.29619838
0.07723733	-0.022727877	64.39619837
0.076746829	-0.022753052	64.49619837
0.076267995	-0.022820616	64.59619837
0.075765818	-0.022745431	64.69619837
0.07522092	-0.022866064	64.79609836
0.074701987	-0.02297123	64.89599836
0.074263513	-0.023046782	64.99599836
0.073722027	-0.023068118	65.09599836
0.073240019	-0.023192952	65.19599835
0.072767563	-0.023163402	65.29599835
0.072261438	-0.023201442	65.39589835
0.071755752	-0.023333139	65.49579835
0.071227036	-0.023411142	65.59579834
0.070730157	-0.023484039	65.69579834
0.070235394	-0.023565688	65.79579834
0.069730029	-0.023575422	65.89579834
0.069251195	-0.023567207	65.99579833
0.068740718	-0.023675381	66.09569833
0.06823197	-0.023758062	66.19559833
0.067746766	-0.023909033	66.29559833
0.06725838	-0.023935859	66.39559832
0.066774242	-0.024026083	66.49559832
0.066259317	-0.024017082	66.59559832
0.065756068	-0.024062495	66.69559832
0.065282404	-0.024174512	66.79549831
0.064732581	-0.024262273	66.89539831
0.064252697	-0.024350729	66.99539831
0.063745208	-0.024440832	67.09539831
0.063330077	-0.024436845	67.1953983
0.062788606	-0.024472357	67.2953983
0.062262319	-0.024597992	67.3952983
0.061808657	-0.024693241	67.49519829
0.061258689	-0.024781399	67.59519829
0.060752258	-0.024861467	67.69519829
0.060289353	-0.024912885	67.79519829
0.059736211	-0.024933315	67.89519828
0.059301972	-0.025031616	67.99519828
0.058814637	-0.025092667	68.09509828
0.058312461	-0.025207914	68.19499828
0.057744443	-0.025243488	68.29499827
0.05730702	-0.02537683	68.39499827
0.056762367	-0.025384713	68.49499827
0.056268681	-0.025437235	68.59499827
0.055717662	-0.025536029	68.69499826
0.055280969	-0.025677215	68.79489826
0.054747265	-0.025736732	68.89479826
0.054240827	-0.025806632	68.99479826
0.053794909	-0.025891928	69.09479825
0.053257689	-0.0258848	69.19479825
0.05276081	-0.026009332	69.29479825
0.052282043	-0.026116423	69.39469825
0.051754322	-0.026213547	69.49459824
0.051256374	-0.026232011	69.59459824
0.050771173	-0.026348484	69.69459824
0.050278552	-0.026304367	69.79459824
0.049760435	-0.026422811	69.89459823
0.049228523	-0.026539312	69.99459823
0.048781406	-0.026689897	70.09449823
0.04823371	-0.026720183	70.19439823
0.047752753	-0.026853104	70.29439822
0.047248445	-0.026869382	70.39439822
0.04680359	-0.026941395	70.49439822
0.046196297	-0.027038452	70.59439822
0.045755692	-0.027133312	70.69439821
0.045248199	-0.027230356	70.79419821
0.044813965	-0.027318943	70.89419821
0.044282045	-0.027389999	70.99419821
0.043779854	-0.02738974	71.0941982
0.043245826	-0.027517523	71.1941982
0.042768057	-0.027630099	71.2941982
0.042284142	-0.027786303	71.3940982
0.04178492	-0.027830927	71.49399819
0.041276366	-0.027930131	71.59399819
0.040743388	-0.027935369	71.69399819
0.040300652	-0.028018812	71.79399819
0.039819706	-0.028124546	71.89399818
0.039259125	-0.028184776	71.99399818
0.038814157	-0.028338369	72.09389818
0.038231395	-0.02840301	72.19379818
0.037779108	-0.028466283	72.29379817
0.037275858	-0.028487197	72.39379817
0.036794905	-0.028607384	72.49379817
0.03627998	-0.028790535	72.59379817
0.035783552	-0.028916161	72.69369816
0.035260744	-0.028974369	72.79359816
0.034756437	-0.029035813	72.89359816
0.03426699	-0.029062838	72.99359816
0.033792406	-0.029189885	73.09359815
0.033275355	-0.029288094	73.19359815
0.032740265	-0.029412172	73.29359815
0.032271042	-0.029496034	73.39349815
0.031718902	-0.029610935	73.49339814
0.031303775	-0.029644937	73.59339814
0.030781418	-0.029705138	73.69339814
0.030279232	-0.029854932	73.79339814
0.029770674	-0.029945872	73.89339813
0.029255748	-0.03006028	73.99339813
0.028765002	-0.030158746	74.09329813
0.028274734	-0.030251189	74.19319813
0.027777858	-0.030235711	74.29319812
0.027289473	-0.030331879	74.39319812
0.026788348	-0.03046217	74.49319812
0.026249001	-0.030663406	74.59319812
0.025749326	-0.030772867	74.69309811
0.025265865	-0.030874272	74.79299811
0.024765803	-0.030857812	74.89299811
0.024278481	-0.030941804	74.99299811
0.023804963	-0.031053721	75.0929981
0.023251817	-0.031202224	75.1929981
0.022761304	-0.031317603	75.2929981
0.022257989	-0.031404703	75.3928981
0.021769673	-0.031492527	75.49279809
0.021312078	-0.031470708	75.59279809
0.020771671	-0.031599748	75.69279809
0.020289658	-0.031720158	75.79279809
0.019757744	-0.031910256	75.89279808
0.019282103	-0.031986528	75.99279808
0.018745456	-0.032089416	76.09269808
0.018293655	-0.032095336	76.19259808
0.017784037	-0.032188363	76.29259807
0.017286098	-0.032327811	76.39259807
0.01682638	-0.032486517	76.49259807
0.016242443	-0.032588813	76.59259807
0.015754187	-0.032683112	76.69249806
0.015302833	-0.032723955	76.79239806
0.014727391	-0.032772377	76.89239806
0.014276166	-0.032945991	76.99239806
0.013833436	-0.032983356	77.09239805
0.013273918	-0.033134292	77.19239805
0.012798275	-0.033293579	77.29239805
0.012251232	-0.033373322	77.39229804
0.011820446	-0.033353521	77.49219804
0.011291717	-0.033506349	77.59219804
0.010770421	-0.033608058	77.69219804
0.010304332	-0.033767522	77.79219803
0.009787282	-0.033856082	77.89219803
0.009276602	-0.033982518	77.99219803
0.008773354	-0.033999186	78.09199803
0.008306204	-0.034096657	78.19199802
0.00781039	-0.034228158	78.29199802
0.007283784	-0.034359119	78.39199802
0.006761426	-0.03445398	78.49199802
0.006300646	-0.03454592	78.59199801
0.00581666	-0.034622736	78.69189801
0.005304768	-0.034635008	78.79179801
0.004779224	-0.034804236	78.89179801
0.004330124	-0.034955235	78.991798
0.003759989	-0.035066563	79.091798
0.003238692	-0.035184994	79.191798
0.002808702	-0.035262421	79.291798
0.00225518	-0.035322734	79.39169799
0.001812823	-0.035400956	79.49159799
0.001235257	-0.035516598	79.59159799
0.00080102	-0.035939716	79.69159799
0.000265921	-0.036033222	79.79159798
-0.00028298	-0.036029092	79.89159798
-0.000742152	-0.035997746	79.99149798
-0.001225774	-0.036052669	80.09139798
-0.001692924	-0.036194426	80.19139797
-0.002254565	-0.03628561	80.29139797
-0.002721716	-0.036430697	80.39139797
-0.003246197	-0.03650652	80.49139797
-0.003743075	-0.036601734	80.59139796
-0.004246451	-0.036658187	80.69129796
-0.004762311	-0.036739127	80.79119796
-0.005214597	-0.036861503	80.89119796
-0.005694489	-0.036999458	80.99119795
-0.006276302	-0.037072495	81.09119795
-0.006728588	-0.037209823	81.19119795
-0.007216972	-0.037236788	81.29119795
-0.007737406	-0.037354339	81.39109794
-0.008257443	-0.037478122	81.49099794
-0.008728839	-0.037597414	81.59099794
-0.009251198	-0.037736322	81.69099794
-0.009707731	-0.037823138	81.79099793
-0.010223718	-0.037891679	81.89099793
-0.010743634	-0.037943983	81.99089793
-0.011248265	-0.038120345	82.09079793
-0.011744079	-0.038208145	82.19079792
-0.012191057	-0.038277663	82.29079792
-0.012751637	-0.038388856	82.39079792
-0.013199678	-0.038511634	82.49079792
-0.013659395	-0.038537547	82.59079791
-0.014205159	-0.038683828	82.69069791
-0.014708358	-0.038829092	82.79059791
-0.015193559	-0.038976424	82.89059791
-0.015689373	-0.03901744	82.9905979
-0.016243584	-0.039158545	83.0905979
-0.016691623	-0.039181668	83.1905979
-0.017200181	-0.039235156	83.2905979
-0.017708736	-0.03945781	83.39039789
-0.018181194	-0.039550523	83.49039789
-0.018685503	-0.0396599	83.59039789
-0.019236527	-0.039755892	83.69039789
-0.0197281	-0.039849978	83.79039788
-0.020222854	-0.039877641	83.89039788
-0.020710025	-0.040019867	83.99029788
-0.021242088	-0.040124505	84.09019788
-0.021714546	-0.040326393	84.19019787
-0.022210363	-0.040414489	84.29019787
-0.022681758	-0.040493377	84.39019787
-0.023237031	-0.040527586	84.49019787
-0.023682948	-0.040565711	84.59019786
-0.02418438	-0.040763822	84.69009786
-0.024690505	-0.04092973	84.78999786
-0.025181012	-0.041008282	84.88999786
-0.025724603	-0.041135826	84.98999785
-0.026221482	-0.041175335	85.08999785
-0.026698191	-0.041246605	85.18999785
-0.027196761	-0.041346538	85.28989785
-0.027689818	-0.041526217	85.38979784
-0.028204747	-0.041656494	85.48979784
-0.028678268	-0.041723214	85.58979784
-0.029199563	-0.041807733	85.68979784
-0.029667774	-0.041859656	85.78979783
-0.030225171	-0.041968658	85.88979783
-0.030679371	-0.04212375	85.98969783
-0.031182827	-0.042226065	86.08959783
-0.03165422	-0.042316965	86.18959782
-0.032178704	-0.042365043	86.28959782
-0.032632053	-0.042442369	86.38959782
-0.033129994	-0.042536077	86.48959782
-0.033603512	-0.042691565	86.58959781
-0.034081604	-0.042789654	86.68949781
-0.034611072	-0.042941441	86.78939781
-0.035100516	-0.043021496	86.8893978
-0.035546429	-0.043110624	86.9893978
-0.036053929	-0.043076909	87.0893978
-0.036561422	-0.043222816	87.1893978
-0.037088748	-0.043358107	87.28929779
-0.037562609	-0.043468845	87.38919779
-0.03807966	-0.043539316	87.48919779
-0.038553178	-0.043663492	87.58919779
-0.039079785	-0.043687382	87.68919778
-0.039635051	-0.04382993	87.78919778
-0.040129811	-0.043957401	87.88919778
-0.04059064	-0.044045134	87.98909778
-0.041116133	-0.04413744	88.08899777
-0.041615132	-0.044236341	88.18899777
-0.042098209	-0.044295976	88.28899777
-0.042577036	-0.044322934	88.38899777
-0.043093029	-0.044456436	88.48899776
-0.04362813	-0.044527652	88.58899776
-0.044106223	-0.044737783	88.68889776
-0.044636749	-0.044840981	88.78879776
-0.045089036	-0.044889497	88.88879775
-0.045606084	-0.044884604	88.98879775
-0.046088096	-0.045008107	89.08879775
-0.046616822	-0.045105672	89.18879775
-0.047181342	-0.045237348	89.28869774
-0.047638182	-0.045318955	89.38859774
-0.048166912	-0.045460239	89.48859774
-0.048648924	-0.045454027	89.58859774
-0.049162794	-0.045495287	89.68859773
-0.049627818	-0.045600221	89.78859773
-0.05015973	-0.045721089	89.88859773
-0.050641887	-0.045811913	89.98849773
-0.051135443	-0.045905914	90.08839772
-0.051645059	-0.045977371	90.18839772
-0.052153613	-0.045992885	90.28839772
-0.052628201	-0.046087676	90.38839772
-0.053142063	-0.046177395	90.48839771
-0.053752538	-0.046363462	90.58839771
-0.054287642	-0.046395484	90.68819771
-0.054750539	-0.046504704	90.78819771
-0.055264406	-0.046449173	90.8881977
-0.055747483	-0.046533402	90.9881977
-0.056257103	-0.046678106	91.0881977
-0.056804948	-0.04675474	91.1881977
-0.057294354	-0.04685994	91.28809769
-0.057795513	-0.046965842	91.38799769
-0.058300879	-0.046913728	91.48799769
-0.058751047	-0.047038285	91.58799769
-0.059229869	-0.047158801	91.68799768
-0.059774533	-0.047203566	91.78799768
-0.060276713	-0.047369333	91.88799768
-0.060790885	-0.04742045	91.98789768
-0.061287452	-0.047407766	92.08779767
-0.061829988	-0.04742356	92.18779767
-0.062262099	-0.047500932	92.28779767
-0.062775962	-0.047592803	92.38779767
-0.063264348	-0.047647413	92.48779766
-0.063783035	-0.047734434	92.58769766
-0.0642666	-0.047837	92.68759766
-0.064763471	-0.047895623	92.78759766
-0.065292202	-0.047886992	92.88759765
-0.065744489	-0.047963867	92.98759765
-0.066314638	-0.048152453	93.08759765
-0.066777535	-0.048184076	93.18759765
-0.067316987	-0.048184755	93.28749764
-0.067779779	-0.048276921	93.38739764
-0.068264984	-0.048281243	93.48739764
-0.06879583	-0.048405847	93.58739764
-0.069245987	-0.048407303	93.68739763
-0.069826752	-0.048476177	93.78739763
-0.070268422	-0.04856898	93.88739763
-0.070753984	-0.04866246	93.98729763
-0.071298279	-0.048661271	94.08719762
-0.071742058	-0.048715023	94.18719762
-0.072279282	-0.048803663	94.28719762
-0.072780408	-0.04884428	94.38719762
-0.073329307	-0.048961243	94.48719761
-0.07378462	-0.049039067	94.58709761
-0.074259363	-0.049054078	94.68699761
-0.074776411	-0.049028147	94.78699761
-0.075295582	-0.049125602	94.8869976
-0.075775474	-0.049168048	94.9869976
-0.076296769	-0.049355189	95.0869976
-0.076798961	-0.04934215	95.1869976
-0.077341497	-0.049420232	95.28689759
-0.077794842	-0.049403806	95.38679759
-0.078273669	-0.049428256	95.48679759
-0.078801334	-0.049514784	95.58679759
-0.079288654	-0.049615999	95.68679758
-0.07974837	-0.049651218	95.78679758
-0.080254808	-0.049723576	95.88679758
-0.080737881	-0.049738813	95.98659758
-0.081295274	-0.049742768	96.08659757
-0.08177942	-0.049819318	96.18659757
-0.082276292	-0.049899494	96.28659757
-0.082825191	-0.04996624	96.38659757
-0.083299778	-0.050004695	96.48659756
-0.083783947	-0.050054295	96.58649756
-0.084302031	-0.050018663	96.68639756
-0.084811643	-0.050148186	96.78639755
-0.085272416	-0.050157979	96.88639755
-0.085826635	-0.05025507	96.98639755
-0.086298026	-0.050304491	97.08639755
-0.086788528	-0.050333481	97.18639754
-0.087268651	-0.050305757	97.28629754
-0.087808833	-0.0503801	97.38619754
-0.088271737	-0.050435533	97.48619754
-0.088784538	-0.050522414	97.58619753
-0.089301594	-0.050534936	97.68619753
-0.089816518	-0.050560746	97.78619753
-0.090253584	-0.050585339	97.88609753
-0.090758249	-0.050583736	97.98599752
-0.091236018	-0.050700779	98.08599752
-0.091713786	-0.050733307	98.18599752
-0.092310458	-0.050855191	98.28599752
-0.092729829	-0.05088904	98.38599751
-0.093274482	-0.050944657	98.48599751
-0.093743533	-0.050872697	98.58589751
-0.094301172	-0.050968771	98.68579751
-0.094733268	-0.050997481	98.7857975
-0.095276862	-0.051053905	98.8857975
-0.095767379	-0.051094018	98.9857975
-0.096265316	-0.051168897	99.0857975
-0.096779183	-0.051166523	99.18579749
-0.097264722	-0.051141375	99.28569749
-0.097780362	-0.051227297	99.38559749
-0.098319709	-0.051294541	99.48559749
-0.098807029	-0.051374776	99.58559748
-0.099265687	-0.051382039	99.68559748
-0.099778481	-0.051436577	99.78559748
-0.100249551	-0.051411005	99.88549748
-0.10074465	-0.051414141	99.98539747
-0.101264887	-0.0514475	100.0853975
-0.101837128	-0.051551188	100.1853975
-0.10228093	-0.05155875	100.2853975
-0.102760814	-0.051610147	100.3853975
-0.103254512	-0.051567994	100.4853975
-0.103772573	-0.051627807	100.5852975
-0.10427586	-0.051677533	100.6851975
-0.104792923	-0.051777277	100.7851975
-0.105289802	-0.051845696	100.8851975
-0.105807915	-0.051834928	100.9851974
-0.106288865	-0.05183086	101.0851974
-0.106782556	-0.051760504	101.1851974
-0.107307486	-0.051836157	101.2850974
-0.107774191	-0.051870144	101.3849974
-0.108299732	-0.051947355	101.4849974
-0.108797669	-0.051997128	101.5849974
-0.109272249	-0.052018999	101.6849974
-0.109738335	-0.051986832	101.7849974
-0.110252015	-0.052043214	101.8848974
-0.110756509	-0.052087398	101.9847974
-0.111255512	-0.052158275	102.0847974
-0.1118076	-0.052180392	102.1847974
-0.11226096	-0.052218309	102.2847974
-0.112803489	-0.052209304	102.3847974
-0.113257892	-0.052213821	102.4847974
-0.113747649	-0.052280905	102.5846974
-0.114252709	-0.052328701	102.6845974
-0.114729419	-0.052335384	102.7845974
-0.1152815	-0.052381536	102.8845974
-0.115752891	-0.052393147	102.9845974
-0.116273127	-0.05235708	103.0845974
-0.116770007	-0.052441248	103.1845974
-0.117288128	-0.05246768	103.2843974
-0.117789246	-0.052546842	103.3843974
-0.118310541	-0.052590015	103.4843974
-0.11876601	-0.052596555	103.5843974
-0.119260773	-0.052612444	103.6843974
-0.119748101	-0.052608077	103.7843974
-0.120254494	-0.052681301	103.8842974
-0.120731235	-0.052752411	103.9841974
-0.121256784	-0.052766595	104.0841974
-0.121764272	-0.052826279	104.1841974
-0.122234598	-0.052886867	104.2841974
-0.122786693	-0.052799993	104.3841974
-0.123255961	-0.052927022	104.4841974
-0.123718046	-0.052933799	104.5840974
-0.124278381	-0.053049639	104.6839974
-0.124743417	-0.053061	104.7839974
-0.125302926	-0.05310093	104.8839974
-0.125784934	-0.053058181	104.9839973
-0.126268029	-0.053045431	105.0839973
-0.126753822	-0.053138697	105.1838973
-0.127267092	-0.053259915	105.2837973
-0.127712995	-0.053245177	105.3837973
-0.128269345	-0.053328132	105.4837973
-0.12876302	-0.053336508	105.5837973
-0.129263073	-0.053329168	105.6837973
-0.129791811	-0.05343579	105.7837973
-0.130251378	-0.05349633	105.8836973
-0.130795106	-0.053562728	105.9835973
-0.131278202	-0.053584428	106.0835973
-0.131763384	-0.053664137	106.1835973
-0.132263482	-0.053622871	106.2835973
-0.13276884	-0.053685577	106.3835973
-0.133255094	-0.053750778	106.4835973
-0.133778766	-0.053866623	106.5834973
-0.134245679	-0.05389907	106.6833973
-0.134731933	-0.05393572	106.7833973
-0.135232002	-0.053982625	106.8833973
-0.135744795	-0.053974071	106.9833973
-0.136238471	-0.054066067	107.0833973
-0.136719272	-0.054160002	107.1832973
-0.137292758	-0.054252443	107.2831973
-0.137746125	-0.054293103	107.3831973
-0.138333231	-0.054289831	107.4831973
-0.138753653	-0.054301519	107.5831973
-0.139245242	-0.054404514	107.6831973
-0.139783517	-0.054450917	107.7831973
-0.140285775	-0.054590033	107.8830973
-0.140770912	-0.054689061	107.9829973
-0.141231671	-0.054731214	108.0829973
-0.141763598	-0.054733245	108.1829973
-0.142273232	-0.05481016	108.2829973
-0.142762646	-0.054874602	108.3829973
-0.143229812	-0.055005032	108.4829973
-0.143768787	-0.055127049	108.5828973
-0.144284084	-0.055167848	108.6827973
-0.144745916	-0.055201782	108.7827973
-0.145284221	-0.055213144	108.8827972
-0.145789564	-0.055342624	108.9827972
-0.146237627	-0.055430425	109.0827972
-0.146801293	-0.055555606	109.1826972
-0.147285506	-0.055650783	109.2825972
-0.1477824	-0.055751219	109.3825972
-0.14825061	-0.055741499	109.4825972
-0.148737922	-0.055860477	109.5825972
-0.149233744	-0.055913366	109.6825972
-0.149770975	-0.05608899	109.7825972
-0.150255159	-0.056171166	109.8824972
-0.15082629	-0.056261344	109.9823972
-0.151241437	-0.056319957	110.0823972
-0.151752114	-0.056419907	110.1823972
-0.152224571	-0.056513268	110.2823972
-0.15276815	-0.05664304	110.3823972
-0.153293699	-0.056753247	110.4823972
-0.153756604	-0.056918297	110.5821972
-0.154253468	-0.056983164	110.6821972
-0.154741853	-0.05699203	110.7821972
-0.15523237	-0.057168764	110.8821972
-0.155728191	-0.057280245	110.9821972
-0.156291962	-0.057478702	111.0821972
-0.156768292	-0.057557953	111.1820972
-0.157232627	-0.057685828	111.2819972
-0.157765597	-0.05772816	111.3819972
-0.158261418	-0.057893327	111.4819972
-0.15878059	-0.058032202	111.5819972
-0.159278512	-0.058189141	111.6819972
-0.159753114	-0.058295723	111.7819972
-0.160269335	-0.058447131	111.8818972
-0.160744756	-0.058525096	111.9817972
-0.161262855	-0.058633512	112.0817972
-0.161770359	-0.058822346	112.1817972
-0.162266165	-0.058959426	112.2817972
-0.162783206	-0.059104796	112.3817972
-0.163243458	-0.059298867	112.4816972
-0.163775921	-0.059415305	112.5815972
-0.164275974	-0.059449194	112.6815972
-0.16475375	-0.059625915	112.7815972
-0.16525805	-0.059837865	112.8815971
-0.165745378	-0.059969879	112.9815971
-0.166215718	-0.060181096	113.0815971
-0.166791081	-0.060304734	113.1814971
-0.167257249	-0.060442964	113.2813971
-0.167733952	-0.060596912	113.3813971
-0.168236136	-0.060783243	113.4813971
-0.168768048	-0.060967026	113.5813971
-0.169212893	-0.06114714	113.6813971
-0.169743747	-0.061348798	113.7813971
-0.170265421	-0.061485806	113.8812971
-0.170769349	-0.061631891	113.9811971
-0.171315074	-0.06185943	114.0811971
-0.171739757	-0.062029383	114.1811971
-0.172264233	-0.062261854	114.2811971
-0.172756866	-0.062386958	114.3811971
-0.173202574	-0.06263609	114.4810971
-0.173721954	-0.062770709	114.5809971
-0.174260259	-0.06295261	114.6809971
-0.174712554	-0.063190321	114.7809971
-0.175212592	-0.063457967	114.8809971
-0.175733894	-0.063646757	114.9809971
-0.176246688	-0.063908882	115.0809971
-0.176763818	-0.064087397	115.1808971
-0.177226648	-0.064231149	115.2807971
-0.177762792	-0.064540816	115.3807971
-0.178245887	-0.064741796	115.4807971
-0.178721517	-0.065041423	115.5807971
-0.179293782	-0.065297843	115.6807971
-0.17972061	-0.06548539	115.7807971
-0.180216402	-0.065677391	115.8805971
-0.180766374	-0.065930122	115.9805971
-0.181231394	-0.066218824	116.0805971
-0.181762248	-0.066502438	116.1805971
-0.182262301	-0.066781647	116.2805971
-0.1827645	-0.067081793	116.3805971
-0.183266759	-0.06726031	116.4804971
-0.183734909	-0.067520224	116.5803971
-0.184261501	-0.067798262	116.6803971
-0.184765831	-0.068086757	116.780397
-0.18526268	-0.068419643	116.880397
-0.185745761	-0.068701209	116.980397
-0.186266005	-0.068983517	117.080397
-0.186766222	-0.069219648	117.180297
-0.187291592	-0.069561518	117.280197
-0.187755555	-0.069899397	117.380197
-0.188234404	-0.070240872	117.480197
-0.188764185	-0.070565262	117.580197
-0.189259991	-0.070978878	117.680197
-0.189768553	-0.071189032	117.780197
-0.190233603	-0.071582993	117.879997
-0.190751731	-0.071988673	117.979997
-0.191222042	-0.072341101	118.079997
-0.191730604	-0.07266234	118.179997
-0.192282692	-0.073080526	118.279997
-0.192734942	-0.073392214	118.379997
-0.193180993	-0.073730009	118.479897
-0.193745703	-0.074164399	118.579797
-0.194245756	-0.074560099	118.679797
-0.194758564	-0.074978716	118.779797
-0.195271373	-0.075407894	118.879797
-0.195747033	-0.075784025	118.979797
-0.196221605	-0.076154617	119.079797
-0.196698904	-0.076680548	119.179697
-0.197236612	-0.07711637	119.279597
-0.197775945	-0.077566532	119.379597
-0.198206991	-0.078061963	119.479597
-0.198735729	-0.078512982	119.579597
-0.199264452	-0.078934447	119.679597
-0.199722886	-0.079400761	119.779497
-0.200215742	-0.07994478	119.879397
-0.200633392	-0.080326699	119.959397
-0.200847402	-0.080626312	119.994997
-0.200522557	-0.068847128	120.049997
-0.200049162	-0.053881527	120.149897
-0.199522451	-0.042403177	120.249797
-0.199049979	-0.033434073	120.349797
-0.198508501	-0.026209331	120.449797
-0.198015898	-0.020319156	120.549797
-0.197541296	-0.015476637	120.649797
-0.197010443	-0.011451414	120.7497969
-0.196516693	-0.0080611	120.8496969
-0.196033686	-0.005307289	120.9495969
-0.195379674	-0.002010368	121.0795969
-0.194896594	0.000108641	121.1795969
-0.194369972	0.001933928	121.2795969
-0.193830624	0.00350441	121.3795969
-0.193331704	0.004861121	121.4794969
-0.192844331	0.006029201	121.5793969
-0.19238247	0.00706012	121.6793969
-0.191847369	0.008070995	121.7793969
-0.191384465	0.008921749	121.8793969
-0.190858945	0.009700444	121.9793969
-0.190379053	0.01045607	122.0793969
-0.189784512	0.010902702	122.1942969
-0.189255759	0.011394024	122.3091969
-0.188738719	0.01199567	122.4091969
-0.188202545	0.012521671	122.5091969
-0.18770355	0.013092882	122.6091969
-0.187217295	0.013536454	122.7091969
-0.186771318	0.013961355	122.8090969
-0.186193794	0.014289637	122.9089969
-0.185708612	0.01463254	123.0089969
-0.18523404	0.014999881	123.1089969
-0.184743509	0.015344152	123.2089969
-0.184246629	0.015624718	123.3089969
-0.183720037	0.01589261	123.4089969
-0.183200613	0.016162146	123.5088969
-0.182724163	0.016364074	123.6087969
-0.182234704	0.016621287	123.7087969
-0.181756943	0.016850296	123.8087969
-0.181264296	0.017087253	123.9087969
-0.180719644	0.017280332	124.0087969
-0.18024455	0.017427695	124.1086969
-0.179747134	0.017549659	124.2085969
-0.179213122	0.017708801	124.3085969
-0.178725764	0.017863807	124.4085969
-0.17823422	0.018143457	124.5085969
-0.17773734	0.018236821	124.6085969
-0.177274406	0.018393392	124.7085968
-0.176741451	0.018431397	124.8084968
-0.176226526	0.018547658	124.9083968
-0.175726473	0.018675148	125.0083968
-0.175191358	0.018806769	125.1083968
-0.17472209	0.018924311	125.2083968
-0.17419441	0.019059585	125.3083968
-0.173718795	0.019117513	125.4083968
-0.173216149	0.019172473	125.5082968
-0.172728196	0.019299876	125.6081968
-0.172249377	0.019372769	125.7081968
-0.171690941	0.019459928	125.8081968
-0.171202525	0.019567699	125.9081968
-0.170741752	0.019603457	126.0081968
-0.170254871	0.019615518	126.1080968
-0.169733137	0.019717811	126.2079968
-0.169252172	0.019810291	126.3079968
-0.168769106	0.019931771	126.4079968
-0.168227628	0.020000979	126.5079968
-0.167724386	0.02008653	126.6079968
-0.16724664	0.020090321	126.7079968
-0.166712463	0.020137099	126.8078968
-0.166264549	0.0202266	126.9077968
-0.165714592	0.0202982	127.0077968
-0.165223017	0.020337518	127.1077968
-0.164732501	0.020450625	127.2077968
-0.164240941	0.020475388	127.3077968
-0.163732395	0.020494327	127.4077968
-0.163232327	0.020597933	127.5075968
-0.162750319	0.020641997	127.6075968
-0.16221945	0.020764732	127.7075968
-0.161726832	0.020799978	127.8075968
-0.161254376	0.020803608	127.9075968
-0.160723522	0.020827961	128.0075968
-0.160209835	0.02089344	128.1074968
-0.159730822	0.020930664	128.2073968
-0.159214824	0.020954637	128.3073968
-0.158704147	0.021054527	128.4073968
-0.158276305	0.021133868	128.5073968
-0.157796398	0.021125089	128.6073968
-0.15727827	0.021103986	128.7073967
-0.156727999	0.021178408	128.8072967
-0.15625374	0.02127831	128.9071967
-0.155704826	0.021395681	129.0071967
-0.155235574	0.021388922	129.1071967
-0.154776901	0.021453356	129.2071967
-0.15421845	0.021381892	129.3071967
-0.153780401	0.021486836	129.4070967
-0.153241679	0.021558953	129.5069967
-0.152741611	0.021603333	129.6069967
-0.152218208	0.021625959	129.7069967
-0.151740447	0.021666731	129.8069967
-0.151223376	0.021664709	129.9069967
-0.150744557	0.021659154	130.0069967
-0.150208324	0.021723396	130.1068967
-0.14973487	0.021781182	130.2067967
-0.149227381	0.02192273	130.3067967
-0.148734748	0.021905444	130.4067967
-0.148282468	0.021905945	130.5067967
-0.147726133	0.02187536	130.6067967
-0.147223949	0.021910579	130.7067967
-0.146715119	0.021986135	130.8066967
-0.146262035	0.022071432	130.9065967
-0.145766228	0.022044127	131.0065967
-0.145218372	0.022014144	131.1065967
-0.144732133	0.022018892	131.2065967
-0.144220382	0.022042218	131.3065967
-0.14373976	0.022073299	131.4064967
-0.143202201	0.02217028	131.5063967
-0.142749906	0.022199963	131.6063967
-0.14226155	0.022231742	131.7063967
-0.141730681	0.02222073	131.8063967
-0.141227439	0.022124558	131.9063967
-0.14075923	0.022199372	132.0063967
-0.140225112	0.022267398	132.1062967
-0.139758036	0.022278021	132.2061967
-0.13919957	0.022340053	132.3061967
-0.138741985	0.022306559	132.4061967
-0.138218582	0.022216464	132.5061967
-0.137708977	0.022246971	132.6061967
-0.137234375	0.022300354	132.7061966
-0.136721209	0.022339369	132.8060966
-0.136278838	0.022376298	132.9059966
-0.135758594	0.022373823	133.0059966
-0.135232002	0.022317608	133.1059966
-0.134739354	0.022246019	133.2059966
-0.134231851	0.022307211	133.3059966
-0.133716077	0.02236244	133.4058966
-0.133260399	0.022394336	133.5057966
-0.132736996	0.022372544	133.6057966
-0.132210389	0.022372323	133.7057966
-0.131752774	0.022272095	133.8057966
-0.131204948	0.022254572	133.9057966
-0.130726114	0.02229965	134.0057966
-0.130246028	0.022359696	134.1056966
-0.129720688	0.022346155	134.2055966
-0.129218489	0.022329954	134.3055966
-0.128731176	0.022242823	134.4055966
-0.12821731	0.022197627	134.5055966
-0.127794757	0.022246064	134.6055966
-0.127207622	0.022305513	134.7055966
-0.126768082	0.022331065	134.8053966
-0.126200065	0.022296995	134.9053966
-0.125704259	0.022212344	135.0053966
-0.125244528	0.022139773	135.1053966
-0.124717928	0.02213201	135.2053966
-0.124227434	0.022140384	135.3053966
-0.123774126	0.022189894	135.4052966
-0.123305857	0.022171153	135.5051966
-0.122722983	0.022177576	135.6051966
-0.122243091	0.022052428	135.7051966
-0.12172924	0.022037572	135.8051966
-0.121261023	0.022080014	135.9051966
-0.120746084	0.022089158	136.0051966
-0.120268092	0.022013799	136.1050966
-0.119742788	0.022039655	136.2049966
-0.119259715	0.021966887	136.3049966
-0.118735224	0.021935918	136.4049966
-0.118258521	0.021982185	136.5049966
-0.117763773	0.021990581	136.6049965
-0.117265135	0.022037423	136.7048965
-0.116730727	0.022032924	136.8047965
-0.116186067	0.022021799	136.9047965
-0.115711488	0.021917973	137.0047965
-0.115243271	0.021912337	137.1047965
-0.114717737	0.021915501	137.2047965
-0.114248462	0.021919848	137.3047965
-0.11374215	0.021888085	137.4046965
-0.113241971	0.021953128	137.5045965
-0.112722799	0.02188574	137.6045965
-0.112238668	0.021844697	137.7045965
-0.111744963	0.021860516	137.8045965
-0.111238532	0.021858121	137.9045965
-0.110705554	0.021872998	138.0045965
-0.110220931	0.02189915	138.1044965
-0.109711796	0.021887798	138.2043965
-0.109249964	0.02179314	138.3043965
-0.108783863	0.021852067	138.4043965
-0.108243458	0.02189035	138.5043965
-0.107713677	0.021949158	138.6043965
-0.107247896	0.021920528	138.7042965
-0.106746465	0.021911478	138.8041965
-0.10623683	0.02180775	138.9041965
-0.105735719	0.021852352	139.0041965
-0.105257951	0.021848542	139.1041965
-0.104732409	0.021890649	139.2041965
-0.104256757	0.021873844	139.3041965
-0.103755653	0.021925187	139.4040965
-0.103256635	0.021846612	139.5039965
-0.102715172	0.021839335	139.6039965
-0.102243781	0.021862937	139.7039965
-0.10174264	0.021884443	139.8039965
-0.101241529	0.021886991	139.9039965
-0.100758456	0.021913814	140.0039965
-0.100275919	0.021942107	140.1038965
-0.099741332	0.021836852	140.2037965
-0.099230647	0.021828617	140.3037965
-0.098752879	0.021869329	140.4037965
-0.098259188	0.021898638	140.5037965
-0.097748518	0.021912766	140.6037964
-0.097290993	0.021923846	140.7036964
-0.096719719	0.021870096	140.8035964
-0.09624514	0.021856631	140.9035964
-0.095700495	0.021922967	141.0035964
-0.09520784	0.021963742	141.1035964
-0.094766177	0.021986123	141.2035964
-0.094221532	0.021991959	141.3035964
-0.093703128	0.021931676	141.4034964
-0.093263865	0.021902753	141.5033964
-0.092759557	0.021878324	141.6033964
-0.092239335	0.02187696	141.7033964
-0.09171591	0.022024923	141.8033964
-0.091274239	0.021991839	141.9033964
-0.090762496	0.022025431	142.0033964
-0.090253942	0.021974502	142.1031964
-0.089770861	0.02196654	142.2031964
-0.089208156	0.021945504	142.3031964
-0.088819571	0.021978912	142.4031964
-0.088256873	0.021980002	142.5031964
-0.087754682	0.022011478	142.6031964
-0.087252609	0.022000495	142.7030964
-0.086780041	0.021982345	142.8029964
-0.086265117	0.021993965	142.9029964
-0.085755497	0.022012281	143.0029964
-0.085267119	0.022075251	143.1029964
-0.084754311	0.022077181	143.2029964
-0.084253184	0.022059051	143.3029964
-0.083764628	0.021996273	143.4028964
-0.083258368	0.022091308	143.5027964
-0.082750872	0.022047832	143.6027964
-0.082243375	0.022091965	143.7027964
-0.081797466	0.022091043	143.8027964
-0.081270851	0.022135636	143.9027964
-0.080721073	0.022038534	144.0026964
-0.080250569	0.022055849	144.1025964
-0.079758987	0.022084506	144.2025964
-0.079241939	0.022089387	144.3025964
-0.07873445	0.022121423	144.4025964
-0.078216337	0.022145845	144.5025963
-0.077713087	0.022097609	144.6025963
-0.077263869	0.022025013	144.7024963
-0.076777726	0.022063125	144.8023963
-0.076212898	0.022080367	144.9023963
-0.075773358	0.022175822	145.0023963
-0.07525418	0.022145064	145.1023963
-0.074765794	0.022117582	145.2023963
-0.074225388	0.022056115	145.3023963
-0.073740862	0.022122266	145.4022963
-0.073252864	0.022111793	145.5021963
-0.072788902	0.02215534	145.6021963
-0.072255932	0.022123667	145.7021963
-0.071752682	0.022147751	145.8021963
-0.071245186	0.022045282	145.9021963
-0.070708334	0.022053602	146.0020963
-0.070269473	0.022135771	146.1019963
-0.069709957	0.022122125	146.2019963
-0.069246002	0.022162366	146.3019963
-0.068760797	0.022158098	146.4019963
-0.068251178	0.022166535	146.5019963
-0.067743681	0.022084626	146.6019963
-0.0672317	0.022113971	146.7018963
-0.066721268	0.022114755	146.8017963
-0.066239245	0.022143892	146.9017963
-0.06574662	0.022166779	147.0017963
-0.06526567	0.022144236	147.1017963
-0.064705081	0.022066064	147.2017963
-0.06425599	0.022080588	147.3017963
-0.063782468	0.022120239	147.4015963
-0.063289829	0.022105153	147.5015963
-0.062703773	0.022117688	147.6015963
-0.062245116	0.022172389	147.7015963
-0.061700456	0.022181651	147.8015963
-0.061228003	0.0220867	147.9015963
-0.060740724	0.022180651	148.0014963
-0.060259722	0.022182175	148.1013963
-0.059726756	0.022202616	148.2013963
-0.059217133	0.022185162	148.3013963
-0.058751047	0.022180204	148.4013963
-0.058286022	0.022173877	148.5013962
-0.057740301	0.022167806	148.6013962
-0.057217874	0.022170612	148.7012962
-0.056728497	0.022220326	148.8011962
-0.056205075	0.022251	148.9011962
-0.055749606	0.022311589	149.0011962
-0.055245295	0.022259413	149.1011962
-0.05473249	0.022161008	149.2011962
-0.054276504	0.022256006	149.3010962
-0.053735554	0.022312799	149.4009962
-0.053247169	0.022385978	149.5009962
-0.052758787	0.022395759	149.6009962
-0.052258722	0.022380683	149.7009962
-0.051732123	0.02230559	149.8009962
-0.051257536	0.022347988	149.9009962
-0.050774511	0.022380142	150.0008962
-0.050303061	0.02243254	150.1007962
-0.04976159	0.022419109	150.2007962
-0.049241357	0.022399519	150.3007962
-0.048763588	0.022376182	150.4007962
-0.048218936	0.022368868	150.5007962
-0.047727369	0.022449354	150.6007962
-0.047230139	0.022528073	150.7006962
-0.046744227	0.022557378	150.8005962
-0.046233546	0.022586528	150.9005962
-0.045751534	0.022582153	151.0005962
-0.04524935	0.02254096	151.1005962
-0.044764154	0.022575007	151.2005962
-0.044263426	0.022588116	151.3004962
-0.043786321	0.022712578	151.4003962
-0.04328201	0.022692179	151.5003962
-0.042767081	0.022650176	151.6003962
-0.042251099	0.0226368	151.7003962
-0.041778632	0.022678495	151.8003962
-0.041298747	0.022713254	151.9003962
-0.040762406	0.022812171	152.0002962
-0.040252969	0.022849944	152.1001962
-0.039736979	0.022909692	152.2001962
-0.039274078	0.022873853	152.3001962
-0.038736854	0.022877199	152.4001962
-0.038235731	0.022913682	152.5001961
-0.037795126	0.022957717	152.6001961
-0.037260659	0.023033704	152.7000961
-0.036761019	0.023050707	152.7999961
-0.036213182	0.023108472	152.8999961
-0.035816103	0.02306999	152.9999961
-0.035289496	0.02309485	153.0999961
-0.034775633	0.023145168	153.1999961
-0.034237493	0.023290878	153.2998961
-0.033760648	0.023276552	153.3997961
-0.033262707	0.023304557	153.4997961
-0.032756273	0.023288985	153.5997961
-0.032281689	0.023347261	153.6997961
-0.031751901	0.023372102	153.7997961
-0.03124653	0.02342925	153.8997961
-0.030712312	0.023499518	153.9996961
-0.030268701	0.023551132	154.0995961
-0.029797303	0.023549937	154.1995961
-0.029269634	0.023529607	154.2995961
-0.028744094	0.023563279	154.3995961
-0.028270576	0.023606632	154.4995961
-0.027762016	0.023706887	154.5995961
-0.027269384	0.02375387	154.6993961
-0.026747026	0.023789056	154.7993961
-0.026275629	0.023722044	154.8993961
-0.025799984	0.023770311	154.9993961
-0.025276568	0.0239032	155.0993961
-0.024748899	0.023980186	155.1993961
-0.024232879	0.023998192	155.2992961
-0.023725417	0.024062981	155.3991961
-0.023276314	0.023979455	155.4991961
-0.02273803	0.024018178	155.5991961
-0.022286804	0.024028664	155.6991961
-0.021775063	0.024135532	155.7991961
-0.021287741	0.024201553	155.8991961
-0.020742733	0.024260662	155.9990961
-0.020249395	0.024309041	156.0989961
-0.019719604	0.024244986	156.1989961
-0.019225912	0.024308263	156.2989961
-0.018754514	0.0243869	156.398996
-0.018258698	0.024432813	156.498996
-0.017798264	0.024456808	156.598896
-0.01726282	0.02450505	156.698796
-0.016716043	0.024480571	156.798796
-0.016255263	0.024513968	156.898796
-0.015763693	0.024560138	156.998796
-0.015258322	0.02462192	157.098796
-0.014728531	0.024677307	157.198796
-0.014230611	0.024689526	157.298696
-0.013766629	0.024671423	157.398596
-0.013241083	0.024669443	157.498596
-0.012801538	0.024754862	157.598596
-0.012226094	0.024741096	157.698596
-0.011719662	0.024792856	157.798596
-0.01126419	0.024819705	157.898596
-0.010751998	0.024870078	157.998496
-0.010254509	0.024832233	158.098396
-0.009779926	0.024882042	158.198396
-0.009216161	0.024950325	158.298396
-0.008756445	0.025039729	158.398396
-0.008242579	0.025046232	158.498396
-0.007770244	0.025097183	158.598296
-0.007230775	0.025067431	158.698196
-0.006751946	0.025020999	158.798196
-0.006268871	0.025087899	158.898196
-0.005785795	0.025125184	158.998196
-0.005270868	0.025173221	159.098196
-0.004734708	0.025146546	159.198196
-0.004255729	0.025192589	159.298096
-0.003738828	0.02511822	159.397996
-0.003281234	0.02518297	159.497996
-0.002730209	0.025201575	159.597996
-0.002218467	0.025290351	159.697996
-0.001742824	0.025294596	159.797996
-0.001234267	0.025304413	159.897996
-0.000959286	0.025321158	159.967796
-0.000815956	0.025449371	159.990996
