-0.000195645	2.139234997	0
0.000823856	2.139954781	0.099999999
0.001874122	2.141260911	0.199999998
0.002911657	2.142129446	0.299999996
0.003905697	2.14264873	0.399999995
0.004904389	2.142856057	0.499899994
0.005916055	2.143104766	0.599799993
0.006874025	2.143360297	0.699799992
0.007902012	2.143549712	0.79979999
0.008923634	2.143252566	0.899799989
0.009921919	2.143455681	0.999799988
0.010912776	2.143647906	1.099799987
0.011919312	2.143792402	1.199699985
0.012914646	2.143593609	1.299599984
0.013866249	2.143658093	1.399599983
0.014902725	2.143920703	1.499599982
0.015955115	2.143638321	1.599599981
0.016914144	2.143614273	1.699599979
0.017883245	2.143574791	1.799499978
0.018890556	2.142800264	1.899399977
0.019904751	2.142428403	1.999399976
0.020906217	2.142264923	2.099399975
0.021875855	2.142072384	2.199399973
0.0228996	2.142048053	2.299399972
0.023873482	2.141920859	2.399299971
0.024895104	2.141814495	2.49919997
0.02594219	2.141502454	2.599199969
0.0269044	2.141365996	2.699199967
0.027899504	2.141560636	2.799199966
0.02892855	2.141668815	2.899199965
0.029947249	2.141430206	2.999099964
0.030949522	2.140935396	3.098999962
0.031914916	2.140712461	3.198999961
0.032900468	2.140835259	3.29899996
0.033907238	2.140604027	3.398999959
0.034936287	2.140427871	3.498999958
0.035894256	2.140635277	3.598999956
0.036917664	2.140582045	3.698899955
0.037896127	2.140429962	3.798799954
0.038944274	2.140334656	3.898799953
0.039899059	2.140146215	3.998799952
0.040920682	2.140105243	4.09879995
0.041920021	2.140062785	4.198799949
0.042868689	2.139764771	4.298699948
0.043914467	2.139557315	4.398599947
0.044923358	2.139348433	4.498599946
0.045883454	2.139095388	4.598599944
0.046890225	2.138546012	4.698599943
0.047908667	2.137624915	4.798599942
0.048879981	2.137288811	4.898499941
0.049871285	2.137031505	4.99839994
0.05088548	2.136616946	5.098399938
0.051852994	2.136452273	5.198399937
0.052896898	2.136073576	5.298399936
0.053875025	2.135854189	5.398399935
0.054874372	2.135479392	5.498399933
0.055907656	2.135416426	5.598199932
0.056943078	2.134993046	5.698199931
0.057906348	2.13460775	5.79819993
0.058934331	2.134450022	5.898199929
0.059926257	2.133737028	5.998199927
0.060920294	2.133345391	6.098199926
0.061897662	2.13325995	6.198099925
0.062935956	2.133007102	6.297999924
0.063883319	2.132252432	6.397999923
0.064915545	2.132111279	6.497999921
0.065875635	2.131504854	6.59799992
0.066885591	2.130387715	6.697999919
0.067921907	2.129879545	6.797899918
0.068925649	2.126944842	6.897799917
0.069875143	2.126707597	6.997799915
0.070890397	2.126085037	7.097799914
0.071939595	2.125399074	7.197799913
0.072858319	2.124194923	7.297799912
0.073880091	2.123125769	7.39769991
0.07487186	2.1240194	7.497599909
0.075846799	2.125452313	7.597599908
0.076892823	2.124835885	7.697599907
0.077862464	2.123732143	7.797599906
0.078908481	2.123291998	7.897599904
0.079871766	2.121850012	7.997599903
0.080869675	2.120731598	8.097499902
0.081873633	2.119882767	8.197399901
0.08284115	2.119111955	8.2973999
0.083845794	2.117792587	8.397399898
0.084897123	2.117558263	8.497399897
0.085826457	2.115820433	8.597399896
0.086849697	2.114510711	8.697299895
0.087808155	2.113579326	8.797199894
0.088846758	2.112571918	8.897199892
0.089812152	2.111124285	8.997199891
0.090857118	2.110684823	9.09719989
0.091858588	2.109598645	9.197199889
0.092847124	2.108530776	9.297099887
0.093829691	2.107501471	9.396999886
0.09485025	2.105018635	9.496999885
0.095840044	2.103459312	9.596999884
0.096866973	2.102225347	9.696999883
0.097864203	2.101120284	9.796999881
0.098886095	2.100356531	9.89689988
0.099836364	2.098725721	9.996799879
0.100831464	2.097939234	10.09679988
0.101861574	2.096495572	10.19679988
0.102861986	2.094625458	10.29679988
0.103846461	2.093157713	10.39679987
0.10487552	2.092001357	10.49679987
0.105815075	2.09051229	10.59669987
0.106874213	2.089134211	10.69659987
0.107801415	2.08740569	10.79659987
0.108886674	2.086237423	10.89659987
0.109875418	2.084811379	10.99659987
0.110799447	2.082670505	11.09659987
0.111778848	2.081221525	11.19649986
0.112836324	2.08041646	11.29639986
0.113815516	2.077899031	11.39639986
0.114804238	2.076571194	11.49639986
0.115800411	2.07521647	11.59639986
0.116762623	2.073800834	11.69639986
0.117834784	2.072378585	11.79629986
0.118823886	2.070943816	11.89619986
0.119802028	2.06942462	11.99619985
0.120838508	2.067840078	12.09619985
0.121795416	2.066316647	12.19619985
0.122801125	2.06459453	12.29619985
0.123749539	2.062549072	12.39619985
0.124791317	2.060899041	12.49599985
0.125816137	2.061881702	12.59599985
0.12678577	2.061513592	12.69599985
0.127803162	2.059530199	12.79599985
0.12882477	2.057437191	12.89599984
0.129814565	2.05563211	12.99599984
0.130819634	2.053313416	13.09589984
0.131752774	2.051480821	13.19579984
0.132780761	2.049223674	13.29579984
0.133780092	2.047068189	13.39579984
0.134758234	2.045090146	13.49579984
0.135803208	2.043037239	13.59579984
0.136806816	2.040540684	13.69569983
0.137780681	2.038606241	13.79559983
0.13880761	2.036602028	13.89559983
0.139836654	2.034475134	13.99559983
0.140779763	2.03075174	14.09559983
0.141816244	2.028584475	14.19559983
0.142838299	2.026411693	14.29549983
0.143815994	2.024073177	14.39539983
0.144819573	2.021929544	14.49539982
0.145819977	2.019671602	14.59539982
0.14685221	2.017930468	14.69539982
0.14787066	2.016103518	14.79539982
0.148874238	2.014074387	14.89539982
0.149881899	2.011645745	14.99529982
0.15083155	2.009568623	15.09519982
0.151861668	2.007373031	15.19519982
0.152847216	2.005196343	15.29519981
0.153849751	2.002892557	15.39519981
0.154872417	2.000397959	15.49519981
0.155844584	1.998073435	15.59509981
0.156896576	1.995620951	15.69499981
0.157909721	1.993188922	15.79499981
0.158905879	1.990557966	15.89499981
0.159865975	1.987934792	15.99499981
0.160854697	1.985429858	16.09499981
0.16190061	1.982826809	16.1948998
0.162868246	1.980100785	16.2947998
0.163858041	1.977774756	16.3947998
0.164911494	1.975180691	16.4947998
0.165821716	1.972373018	16.5947998
0.166794538	1.969715044	16.6947998
0.16781126	1.966843715	16.7946998
0.168734878	1.963499032	16.8945998
0.169815913	1.960946724	16.99459979
0.170823738	1.958609688	17.09459979
0.171770036	1.956234946	17.19459979
0.172857448	1.954390682	17.29459979
0.173842996	1.951642365	17.39459979
0.174840003	1.948556011	17.49449979
0.175839543	1.94629257	17.59439979
0.176795408	1.94346013	17.69439979
0.177791566	1.940787489	17.79439978
0.178829104	1.93755485	17.89439978
0.179825246	1.934637025	17.99439978
0.18079412	1.931774335	18.09429978
0.181875944	1.929660312	18.19419978
0.182802066	1.926750613	18.29419978
0.183829024	1.923788295	18.39419978
0.184829429	1.921329203	18.49419978
0.185858458	1.918784695	18.59419977
0.186885968	1.915908166	18.69409977
0.187799871	1.912667358	18.79399977
0.188812986	1.909986578	18.89399977
0.189834625	1.90759051	18.99399977
0.190777749	1.904546783	19.09399977
0.191774964	1.901354858	19.19399977
0.192825288	1.898790028	19.29389977
0.193886116	1.89678393	19.39379977
0.19477722	1.89397059	19.49379976
0.195837021	1.891007704	19.59379976
0.196849123	1.888266702	19.69379976
0.197862253	1.885680493	19.79379976
0.198786274	1.88260296	19.89379976
0.199798808	1.879840892	19.99369976
0.200789168	1.876603904	20.09359976
0.201760963	1.874127849	20.19359976
0.202836677	1.871579956	20.29359975
0.20382227	1.868914182	20.39359975
0.204839617	1.866302181	20.49359975
0.205840841	1.863389209	20.59349975
0.206812844	1.860744769	20.69339975
0.2078695	1.857900458	20.79339975
0.208863541	1.855191174	20.89339975
0.209806636	1.852502554	20.99339975
0.210821897	1.849584991	21.09339974
0.21187453	1.846285241	21.19329974
0.212823793	1.845247459	21.29319974
0.21378918	1.842082714	21.39319974
0.214840502	1.839341042	21.49319974
0.215846226	1.836282868	21.59319974
0.216791436	1.833487257	21.69319974
0.217789739	1.830743596	21.79319974
0.218828321	1.827972328	21.89299973
0.219820261	1.824704087	21.99299973
0.220816404	1.822026306	22.09299973
0.221825317	1.819082536	22.19299973
0.222843736	1.816133439	22.29299973
0.223877043	1.813259302	22.39299973
0.224821612	1.810471708	22.49289973
0.225845993	1.80757006	22.59279973
0.226832613	1.804498128	22.69279973
0.227839381	1.801653036	22.79279972
0.228777215	1.798475069	22.89279972
0.229791388	1.795399382	22.99279972
0.23087436	1.792374942	23.09269972
0.231794327	1.789363331	23.19259972
0.232826576	1.786416454	23.29259972
0.233847156	1.783689444	23.39259972
0.23485814	1.780631679	23.49259972
0.235810816	1.777350148	23.59259971
0.236811727	1.774114124	23.69249971
0.237853006	1.771306916	23.79239971
0.238852337	1.767832382	23.89239971
0.239808172	1.764584975	23.99239971
0.240823448	1.761538476	24.09239971
0.241787776	1.758388927	24.19239971
0.242783964	1.754927811	24.29239971
0.243805394	1.752073089	24.3922997
0.244834617	1.74897973	24.4921997
0.245792583	1.745999043	24.5921997
0.246799365	1.741580978	24.6921997
0.247842208	1.738204247	24.7921997
0.248770446	1.734787383	24.8921997
0.249761447	1.731452123	24.9920997
0.25081265	1.728507018	25.0919997
0.251796067	1.724828887	25.1919997
0.252774209	1.722187208	25.29199969
0.25371626	1.718543936	25.39199969
0.254774988	1.715300958	25.49199969
0.255793065	1.711947641	25.59189969
0.256730229	1.708359171	25.69179969
0.257718921	1.705038212	25.79179969
0.258731037	1.701549215	25.89179969
0.259692162	1.698129489	25.99179969
0.260694683	1.694397881	26.09179968
0.261718631	1.690915601	26.19169968
0.262690157	1.687698752	26.29159968
0.263700128	1.684061964	26.39159968
0.26473555	1.68039951	26.49159968
0.265677601	1.677007041	26.59159968
0.266664237	1.67353495	26.69159968
0.267689019	1.670124267	26.79159968
0.268675268	1.666733227	26.89149967
0.269620895	1.663427528	26.99139967
0.27069661	1.660068636	27.09139967
0.271660954	1.656604734	27.19139967
0.272691071	1.653177445	27.29139967
0.273671299	1.649679006	27.39139967
0.274654746	1.646058527	27.49129967
0.275656193	1.642703868	27.59119967
0.276685268	1.638798043	27.69119966
0.277699441	1.635202116	27.79119966
0.278673321	1.631687898	27.89119966
0.279662043	1.628174012	27.99119966
0.280672461	1.62465422	28.09109966
0.281688362	1.620980808	28.19099966
0.282680273	1.617497706	28.29099966
0.283691257	1.614232428	28.39099966
0.284726679	1.610811249	28.49099966
0.285712272	1.607127811	28.59099965
0.286691397	1.603395937	28.69099965
0.28764832	1.599859206	28.79079965
0.288675278	1.596355026	28.89079965
0.289724469	1.592558051	28.99079965
0.290681392	1.588815609	29.09079965
0.291704059	1.585580223	29.19079965
0.292702317	1.581884248	29.29079965
0.293659717	1.578436402	29.39069964
0.294674516	1.575087134	29.49059964
0.295718431	1.571501544	29.59059964
0.296649873	1.56813748	29.69059964
0.297639668	1.564730387	29.79059964
0.29867509	1.561321604	29.89059964
0.299629718	1.557735651	29.99049964
0.300684392	1.554234529	30.09039964
0.301701754	1.550810052	30.19039963
0.30268836	1.547062317	30.29039963
0.303711027	1.543695389	30.39039963
0.304701895	1.540623657	30.49039963
0.305678278	1.537348607	30.59029963
0.306656033	1.533940364	30.69019963
0.307677656	1.526245515	30.79019963
0.308676988	1.521760405	30.89019963
0.309691191	1.519213451	30.99019962
0.310676754	1.516595403	31.09019962
0.31168139	1.513828799	31.19019962
0.312682718	1.510969396	31.29009962
0.313641906	1.507925486	31.38999962
0.314697474	1.505158114	31.48999962
0.315657556	1.502029897	31.58999962
0.316631436	1.499226886	31.68999962
0.317630798	1.49656899	31.78999962
0.318662077	1.494060447	31.88989961
0.319670856	1.491290787	31.98979961
0.320625633	1.48834028	32.08979961
0.321686506	1.485802534	32.18979961
0.322657228	1.483255695	32.28979961
0.323693693	1.481117091	32.38979961
0.324638695	1.478953464	32.48969961
0.325659484	1.476590947	32.58959961
0.326680034	1.474304718	32.6895996
0.327660322	1.471962649	32.7895996
0.328616142	1.469585674	32.8895996
0.329673856	1.467632363	32.9895996
0.330672115	1.465661427	33.0894996
0.331665128	1.463754189	33.1893996
0.332650661	1.461879339	33.2893996
0.333690315	1.460126439	33.3893996
0.334697068	1.458496008	33.48939959
0.335668832	1.45675528	33.58939959
0.336655438	1.455215102	33.68939959
0.337693542	1.453741307	33.78929959
0.338665813	1.452287449	33.88919959
0.339666218	1.451046043	33.98919959
0.340654939	1.449581086	34.08919959
0.341671258	1.448250985	34.18919959
0.34266001	1.447263303	34.28919958
0.343683928	1.446296671	34.38909958
0.344674587	1.445388402	34.48899958
0.345676094	1.444640238	34.58899958
0.346660584	1.444008172	34.68899958
0.347676873	1.443454067	34.78899958
0.348611563	1.443015343	34.88899958
0.349662125	1.44269075	34.98889958
0.350672781	1.442335397	35.08879958
0.351666838	1.442152112	35.18879957
0.3526842	1.442199397	35.28879957
0.353688836	1.442037288	35.38879957
0.35465318	1.441940323	35.48879957
0.355667382	1.441905757	35.58879957
0.356657177	1.442190818	35.68859957
0.357679874	1.442866644	35.78859957
0.358624041	1.44357375	35.88859957
0.359630823	1.444227885	35.98859956
0.360675782	1.445247461	36.08859956
0.361675113	1.446294187	36.18859956
0.362715453	1.447456304	36.28849956
0.363619715	1.448687037	36.38839956
0.364660442	1.450127466	36.48839956
0.365659773	1.451726986	36.58839956
0.366684556	1.453222545	36.68839956
0.367653161	1.455047613	36.78839955
0.368683189	1.457019664	36.88829955
0.369650751	1.459141197	36.98819955
0.370614082	1.461395123	37.08819955
0.37166217	1.463892031	37.18819955
0.372626543	1.466290646	37.28819955
0.373647064	1.468972347	37.38819955
0.374666989	1.471909631	37.48809955
0.375655323	1.474859731	37.58799954
0.376662076	1.478095551	37.68799954
0.377663553	1.481410089	37.78799954
0.378692597	1.484896365	37.88799954
0.379650593	1.488276057	37.98799954
0.380676448	1.492094935	38.08799954
0.381639719	1.496024088	38.18779954
0.382666677	1.500206356	38.28779954
0.38364163	1.504504841	38.38779954
0.384702504	1.50909172	38.48779953
0.385684848	1.513816434	38.58779953
0.386669338	1.518615262	38.68779953
0.387666821	1.523610408	38.78769953
0.388658494	1.528645847	38.88759953
0.389630228	1.53379651	38.98759953
0.390668839	1.539418459	39.08759953
0.391676664	1.544831231	39.18759953
0.392664313	1.550458209	39.28759952
0.393653899	1.556529387	39.38749952
0.394646049	1.562837625	39.48739952
0.395642191	1.569040949	39.58739952
0.396638334	1.57571685	39.68739952
0.397641957	1.582342656	39.78739952
0.398650855	1.589139024	39.88739952
0.399683535	1.595999033	39.98729952
0.400650561	1.603288637	40.08719951
0.401655257	1.610654214	40.18719951
0.402695924	1.618039911	40.28719951
0.403699517	1.625931142	40.38719951
0.404689342	1.633584935	40.48719951
0.405631334	1.641447381	40.58719951
0.40663892	1.649783739	40.68709951
0.407631159	1.65813915	40.78699951
0.408642203	1.666480608	40.8869995
0.409648955	1.675326866	40.9869995
0.410655677	1.68422286	41.0869995
0.411635935	1.693326518	41.1869995
0.412706286	1.702565112	41.2868995
0.413669646	1.711819968	41.3867995
0.414706111	1.721309377	41.4867995
0.415657759	1.730982573	41.5867995
0.416651756	1.740910451	41.6867995
0.417677611	1.75069065	41.78679949
0.418633938	1.76078989	41.88669949
0.419617981	1.770913195	41.98659949
0.420656562	1.78121372	42.08659949
0.421663374	1.79188542	42.18659949
0.422651023	1.802710982	42.28659949
0.423641831	1.81354333	42.38659949
0.424609423	1.824575538	42.48659949
0.425649077	1.835624704	42.58639948
0.426630378	1.846889687	42.68639948
0.427660465	1.858074543	42.78639948
0.428652406	1.869513712	42.88639948
0.429704785	1.881187701	42.98639948
0.430693477	1.89275338	43.08639948
0.431621224	1.904658846	43.18629948
0.432643414	1.916777171	43.28619948
0.433620483	1.928855252	43.38619947
0.434653759	1.941089574	43.48619947
0.435628712	1.953476827	43.58619947
0.436660945	1.966029472	43.68619947
0.437638879	1.978721093	43.78609947
0.438716918	1.991501783	43.88599947
0.439627111	2.004319959	43.98599947
0.440652966	2.017307064	44.08599947
0.441643894	2.030415525	44.18599947
0.442629427	2.043638869	44.28599946
0.443654567	2.056712845	44.38589946
0.444673717	2.070167142	44.48579946
0.445642322	2.083704921	44.58579946
0.446642697	2.097271427	44.68579946
0.447629303	2.110763594	44.78579946
0.448634982	2.124632609	44.88579946
0.449637592	2.138650159	44.98579946
0.450672835	2.152628355	45.08569945
0.451660633	2.166811387	45.18559945
0.452659994	2.180963695	45.28559945
0.453629553	2.195020462	45.38559945
0.454703242	2.209375935	45.48559945
0.455617696	2.223786044	45.58559945
0.45664376	2.238121103	45.68549945
0.45760262	2.252596314	45.78539945
0.458593458	2.267343698	45.88539944
0.459620357	2.282133092	45.98539944
0.460614383	2.296904029	46.08539944
0.461652994	2.311950961	46.18539944
0.462662905	2.327174365	46.28529944
0.46365279	2.342295883	46.38519944
0.46465531	2.357436838	46.48519944
0.465630293	2.372689035	46.58519944
0.466623217	2.387715754	46.68519943
0.467678815	2.403173455	46.78519943
0.468648553	2.417435644	46.88509943
0.469600052	2.43260571	46.98499943
0.470664084	2.448167399	47.08499943
0.471635818	2.463862193	47.18499943
0.472645789	2.479332367	47.28499943
0.47364831	2.495123106	47.38499943
0.474606305	2.510916018	47.48499943
0.475639075	2.527136769	47.58489942
0.47663787	2.543210697	47.68479942
0.47764042	2.559207516	47.78479942
0.478599429	2.575209698	47.88479942
0.479612559	2.590969553	47.98479942
0.48059386	2.607287171	48.08479942
0.481612414	2.623697597	48.18469942
0.48262015	2.641276563	48.28459942
0.483596116	2.66136093	48.38459941
0.484668732	2.678130604	48.48459941
0.485616058	2.694760021	48.58459941
0.486653596	2.711665848	48.68459941
0.487613112	2.728213018	48.78449941
0.488674581	2.74500468	48.88439941
0.489643157	2.762001695	48.98439941
0.490648836	2.778993826	49.08439941
0.491651416	2.795872708	49.1843994
0.492661387	2.81308321	49.2843994
0.493633091	2.830356693	49.3843994
0.494616538	2.847287973	49.4841994
0.495596766	2.864537712	49.5841994
0.496662945	2.881826509	49.6841994
0.497615606	2.899208369	49.7841994
0.498641461	2.916533327	49.8841994
0.499262214	2.926044444	49.9391994
0.499262214	2.928013316	49.9495994
0.498706192	2.915417567	50.00459939
0.497729123	2.895565183	50.10459939
0.496752024	2.876779706	50.20459939
0.495735735	2.858006338	50.30459939
0.494692892	2.839583485	50.40459939
0.493700981	2.821378139	50.50439939
0.492746174	2.802728733	50.60439939
0.491700202	2.784418789	50.70439939
0.490717798	2.766311467	50.80439938
0.489756644	2.748066909	50.90439938
0.488724411	2.73002097	51.00439938
0.487758756	2.711697747	51.10429938
0.486691803	2.693271147	51.20419938
0.485721081	2.675039456	51.30419938
0.484744012	2.656804808	51.40419938
0.483727723	2.638546742	51.50419938
0.482760221	2.620064544	51.60419938
0.481752485	2.602079349	51.70409937
0.480721146	2.584438736	51.80399937
0.479697436	2.566298662	51.90399937
0.478761762	2.548306986	52.00399937
0.477745444	2.530181681	52.10399937
0.476716369	2.512146791	52.20399937
0.475732505	2.494178031	52.30389937
0.47474739	2.476557448	52.40379937
0.473663211	2.458582826	52.50379936
0.472689301	2.440463808	52.60379936
0.471769542	2.422283483	52.70379936
0.470732003	2.404255589	52.80379936
0.469718844	2.386484416	52.90379936
0.468749493	2.368839339	53.00369936
0.467733949	2.351026762	53.10359936
0.466719776	2.333421991	53.20359936
0.465752244	2.315807796	53.30359935
0.464761376	2.298294104	53.40359935
0.463743985	2.280664692	53.50359935
0.462789208	2.263099875	53.60349935
0.461747408	2.245359495	53.70339935
0.46074599	2.227891447	53.80339935
0.459726542	2.21051162	53.90339935
0.458763182	2.193070587	54.00339935
0.45774585	2.17581729	54.10339934
0.456724435	2.158480806	54.20329934
0.455744982	2.141048864	54.30319934
0.454743534	2.123675352	54.40319934
0.453720868	2.106385641	54.50319934
0.452732086	2.089636799	54.60319934
0.451713681	2.072885093	54.70319934
0.450699389	2.055658322	54.80309934
0.449699074	2.038588047	54.90299934
0.448714614	2.021347833	55.00299933
0.447689831	2.004247618	55.10299933
0.44672966	1.987284366	55.20299933
0.445718706	1.97036348	55.30299933
0.444717169	1.953524527	55.40299933
0.443768144	1.936736102	55.50289933
0.44275564	1.920289212	55.60279933
0.44172129	1.903800909	55.70279933
0.440744221	1.886404418	55.80279932
0.439764023	1.86961856	55.90279932
0.43874234	1.853029279	56.00279932
0.437735468	1.836293298	56.10269932
0.436767042	1.819742855	56.20259932
0.435714632	1.803340148	56.30259932
0.43475768	1.786864016	56.40259932
0.433750957	1.77038424	56.50259932
0.432743132	1.754003151	56.60259931
0.431749612	1.737539374	56.70249931
0.430725306	1.72109461	56.80239931
0.429753602	1.704905605	56.90239931
0.42876485	1.688806929	57.00239931
0.427743226	1.672575916	57.10239931
0.426722646	1.656557262	57.20239931
0.425756186	1.640528503	57.30239931
0.424753666	1.62445973	57.40219931
0.423761755	1.608404585	57.5021993
0.42276454	1.59261164	57.6021993
0.421755642	1.576657353	57.7021993
0.420736104	1.560885182	57.8021993
0.41972515	1.545033271	57.9021993
0.418772787	1.529200726	58.0020993
0.417732775	1.513754443	58.1019993
0.416761011	1.49840896	58.2019993
0.415738344	1.482830342	58.30199929
0.414720923	1.467500764	58.40199929
0.413727969	1.452147954	58.50199929
0.412778527	1.436823874	58.60189929
0.411754817	1.4215525	58.70179929
0.410755426	1.406063739	58.80179929
0.409743309	1.390902702	58.90179929
0.408738703	1.375820548	59.00179929
0.4077245	1.360892655	59.10179928
0.406716347	1.345837989	59.20169928
0.405691892	1.330732321	59.30159928
0.404727548	1.316127499	59.40159928
0.40377593	1.301553728	59.50159928
0.402740508	1.286678798	59.60159928
0.401767731	1.272116449	59.70159928
0.400730133	1.2572975	59.80159928
0.399764091	1.242630274	59.90149927
0.398757964	1.228140077	60.00139927
0.397750109	1.213609801	60.10139927
0.396712631	1.19938216	60.20139927
0.395703733	1.185120547	60.30139927
0.394766957	1.170948306	60.40139927
0.393713117	1.156730199	60.50129927
0.392780989	1.142670046	60.60119927
0.3917647	1.128902172	60.70119927
0.390768558	1.115175943	60.80119926
0.389793605	1.101170645	60.90119926
0.388780475	1.087375995	61.00119926
0.387768686	1.073780388	61.10109926
0.386757374	1.06005267	61.20099926
0.385732621	1.04643502	61.30099926
0.384720504	1.032917372	61.40099926
0.383772075	1.019468866	61.50099926
0.382728219	1.006175676	61.60099925
0.381783992	0.992876001	61.70099925
0.38075918	0.979684198	61.80079925
0.379777908	0.966582784	61.90079925
0.378816754	0.953855304	62.00079925
0.377772838	0.940866618	62.10079925
0.376794696	0.927995051	62.20079925
0.375809163	0.915227258	62.30079925
0.374762416	0.902506202	62.40069924
0.373806238	0.889718968	62.50059924
0.372774005	0.877177755	62.60059924
0.371715218	0.864682926	62.70059924
0.370746702	0.852164573	62.80059924
0.369788706	0.839972157	62.90059924
0.368781775	0.827855565	63.00049924
0.367787868	0.815628254	63.10039924
0.366766244	0.803706051	63.20039923
0.365790278	0.791930497	63.30039923
0.364777118	0.779976601	63.40039923
0.363778859	0.7681457	63.50039923
0.362745196	0.756431794	63.60029923
0.361816227	0.744836063	63.70019923
0.360771269	0.733245162	63.80019923
0.359781474	0.721850781	63.90019923
0.358749211	0.710469246	64.00019923
0.35774672	0.699197109	64.10019922
0.356789798	0.688085749	64.20019922
0.355745882	0.677243157	64.29999922
0.3547858	0.666158795	64.39999922
0.353763133	0.655309253	64.49999922
0.352777541	0.644730907	64.59999922
0.351768643	0.633977162	64.69999922
0.350774616	0.623417081	64.79999922
0.349758744	0.612903993	64.89989921
0.348779112	0.602463374	64.99979921
0.347780854	0.59212833	65.09979921
0.346739084	0.581848367	65.19979921
0.345782161	0.571746539	65.29979921
0.344770074	0.561688367	65.39979921
0.343782753	0.551771875	65.49969921
0.342770338	0.542051619	65.59959921
0.341745555	0.532167361	65.6995992
0.340792835	0.520739266	65.7995992
0.339798808	0.511440594	65.8995992
0.338793099	0.502073036	65.9995992
0.337778509	0.492896681	66.0994992
0.336797625	0.483916424	66.1993992
0.335777044	0.474667323	66.2993992
0.33477661	0.465703056	66.3993992
0.333808064	0.456584878	66.49939919
0.332765251	0.447757221	66.59939919
0.331623584	0.436034359	66.71429919
0.33047691	0.425522727	66.82919919
0.329473346	0.416898834	66.92919919
0.328480363	0.408434879	67.02919919
0.32749477	0.400332203	67.12919919
0.326466799	0.391894056	67.22919919
0.325493962	0.383608113	67.32919918
0.324489444	0.375452679	67.42909918
0.323478311	0.367350862	67.52899918
0.322501302	0.359257481	67.62899918
0.321458429	0.351285302	67.72899918
0.320445299	0.343459281	67.82899918
0.319477767	0.335594773	67.92899918
0.318502188	0.328012278	68.02889918
0.317472726	0.320444254	68.12879918
0.316513687	0.31285325	68.22879917
0.31549418	0.30551886	68.32879917
0.314503312	0.29843676	68.42879917
0.313488096	0.291097797	68.52879917
0.312485814	0.283855786	68.62869917
0.311505288	0.276816189	68.72859917
0.310529321	0.269767975	68.82859917
0.309502363	0.262793091	68.92859917
0.308477521	0.255819527	69.02859916
0.307482451	0.24909909	69.12859916
0.306482881	0.242324309	69.22849916
0.305529386	0.23571354	69.32839916
0.304513067	0.229209989	69.42839916
0.303506315	0.222591156	69.52839916
0.30256319	0.216374335	69.62839916
0.30148533	0.210166266	69.72839916
0.300509304	0.203761884	69.82839915
0.299513459	0.19749929	69.92829915
0.298528671	0.191364355	70.02819915
0.297485828	0.185216364	70.12819915
0.296519369	0.179178935	70.22819915
0.295507342	0.17304981	70.32819915
0.294532388	0.167119606	70.42819915
0.293498844	0.161194727	70.52809915
0.292495459	0.155427087	70.62799914
0.291480213	0.149661765	70.72799914
0.29048723	0.143882989	70.82799914
0.289509147	0.138414071	70.92799914
0.288485348	0.132911772	71.02799914
0.287535161	0.127179639	71.12789914
0.286495179	0.121623679	71.22779914
0.285521328	0.116194288	71.32779914
0.284497529	0.11061245	71.42779914
0.283534259	0.105220429	71.52779913
0.282504141	0.099685656	71.62779913
0.281484663	0.094283671	71.72779913
0.280496985	0.088950917	71.82759913
0.279515684	0.083708264	71.92759913
0.278495103	0.078476363	72.02759913
0.277488351	0.073233098	72.12759913
0.276537806	0.06831411	72.22759913
0.275507659	0.063193167	72.32759912
0.274508655	0.057930528	72.42749912
0.273502648	0.052840047	72.52739912
0.272552103	0.047776622	72.62739912
0.271353573	0.041578918	72.74239912
0.270137548	0.035551293	72.85739912
0.269188076	0.030559733	72.95739912
0.268222958	0.025397057	73.05729912
0.267206341	0.020490365	73.15719911
0.266205966	0.015570074	73.25719911
0.265172631	0.010504002	73.35719911
0.264241159	0.005722927	73.45719911
0.263211101	0.001019475	73.55719911
0.262190521	-0.004013399	73.65709911
0.261221915	-0.008893261	73.75699911
0.260216236	-0.013768973	73.85699911
0.259203106	-0.018708157	73.9569991
0.258204818	-0.023603426	74.0569991
0.257200152	-0.028665806	74.1569991
0.256220341	-0.033490521	74.2568991
0.255223751	-0.038370073	74.3567991
0.254177719	-0.043134753	74.4567991
0.253195375	-0.047934496	74.5567991
0.252203435	-0.052841686	74.6567991
0.251238048	-0.05749654	74.75679909
0.250204742	-0.062150992	74.85679909
0.249251038	-0.067094818	74.95659909
0.248242155	-0.07188251	75.05659909
0.247260854	-0.076654395	75.15659909
0.246320903	-0.081563889	75.25659909
0.245234564	-0.086346301	75.35659909
0.244309485	-0.091286052	75.45659909
0.2432767	-0.09614233	75.55649909
0.242208943	-0.100977961	75.65639908
0.241262659	-0.10573447	75.75639908
0.240048483	-0.111021291	75.87139908
0.238877803	-0.11646584	75.98639908
0.237956956	-0.120954009	76.08639908
0.236933872	-0.125862588	76.18629908
0.235961467	-0.130816574	76.28619908
0.235008776	-0.135559838	76.38619908
0.23404339	-0.140374664	76.48619907
0.233039826	-0.145337861	76.58619907
0.232014999	-0.150325049	76.68619907
0.231003955	-0.155198692	76.78609907
0.230009958	-0.160174443	76.88599907
0.229046687	-0.165014178	76.98599907
0.228043094	-0.169806106	77.08599907
0.227043733	-0.174770454	77.18599907
0.226038039	-0.179623512	77.28599906
0.225033954	-0.184289563	77.38589906
0.223983109	-0.18932805	77.48579906
0.223045304	-0.194257202	77.58579906
0.222041711	-0.199174101	77.68579906
0.22102116	-0.204189934	77.78579906
0.220013335	-0.209195472	77.88579906
0.219011873	-0.214239429	77.98579906
0.218061581	-0.21925538	78.08569905
0.21704711	-0.224320877	78.18559905
0.215973496	-0.229363888	78.28559905
0.214935973	-0.234387341	78.38559905
0.213978007	-0.23947694	78.48559905
0.212912902	-0.244362226	78.58559905
0.212008461	-0.249179918	78.68549905
0.210940734	-0.254400519	78.78539905
0.209946692	-0.259383203	78.88539904
0.208926126	-0.264466068	78.98539904
0.207926765	-0.269595978	79.08539904
0.206898779	-0.274638555	79.18539904
0.205906123	-0.2797356	79.28529904
0.204907522	-0.284832298	79.38519904
0.203936815	-0.289931387	79.48519904
0.202924743	-0.295004674	79.58519904
0.201922223	-0.300094047	79.68519904
0.200875133	-0.305252467	79.78519903
0.199958265	-0.310160156	79.88509903
0.198985726	-0.315118782	79.98499903
0.197950304	-0.320377913	80.08499903
0.196954131	-0.325398226	80.18499903
0.19594419	-0.330506808	80.28499903
0.194983035	-0.335685637	80.38499903
0.193965659	-0.340754181	80.48499903
0.192954063	-0.345964945	80.58489902
0.191956371	-0.351016026	80.68479902
0.190942183	-0.356110963	80.78479902
0.189950258	-0.361094284	80.88479902
0.188919082	-0.366189139	80.98479902
0.187939897	-0.371276597	81.08479902
0.186956286	-0.376021959	81.18469902
0.185968786	-0.380962442	81.28459902
0.184997022	-0.386084437	81.38459901
0.183948889	-0.391019699	81.48459901
0.182975009	-0.395938646	81.58459901
0.181950197	-0.40100909	81.68459901
0.180954546	-0.405951696	81.78449901
0.17997697	-0.410998416	81.88439901
0.17896913	-0.415956261	81.98439901
0.177983567	-0.42074864	82.08439901
0.17695348	-0.425479914	82.18439901
0.175915927	-0.430356661	82.284399
0.174918711	-0.435139659	82.384399
0.174011663	-0.439587146	82.484199
0.172956109	-0.444284517	82.584199
0.171953559	-0.449060486	82.684199
0.170959532	-0.453687255	82.784199
0.170004755	-0.458249823	82.884199
0.168971464	-0.462842556	82.984199
0.167961821	-0.46751337	83.08409899
0.16697596	-0.471981526	83.18399899
0.165951148	-0.476506784	83.28399899
0.164932698	-0.480859893	83.38399899
0.163940802	-0.485150358	83.48399899
0.162990242	-0.489529892	83.58399899
0.161963478	-0.493750769	83.68389899
0.160987318	-0.497689709	83.78379899
0.159962505	-0.501857397	83.88379898
0.158958912	-0.506082466	83.98379898
0.157947913	-0.51005288	84.08379898
0.157011166	-0.514032896	84.18379898
0.155945703	-0.518051733	84.28369898
0.154971078	-0.522073916	84.38359898
0.153973877	-0.525901922	84.48359898
0.152970284	-0.529702771	84.58359898
0.15201655	-0.533294986	84.68359897
0.150918543	-0.536873738	84.78359897
0.149952084	-0.540541667	84.88359897
0.148924097	-0.543868859	84.98339897
0.147994787	-0.547096674	85.08339897
0.146989062	-0.55058397	85.18339897
0.145969585	-0.553862233	85.28339897
0.144921422	-0.557030041	85.38339897
0.143934801	-0.560212858	85.48339897
0.142914027	-0.563347874	85.58329896
0.141935065	-0.566458414	85.68319896
0.140976027	-0.56937496	85.78319896
0.139978811	-0.572218482	85.88319896
0.138957188	-0.574957294	85.98319896
0.137970582	-0.577584024	86.08319896
0.136966094	-0.5802877	86.18309896
0.135989919	-0.582660384	86.28299896
0.135004371	-0.584966164	86.38299895
0.133953035	-0.587457223	86.48299895
0.133019462	-0.589692114	86.58299895
0.131972373	-0.5919429	86.68299895
0.13093248	-0.594148819	86.78289895
0.129977942	-0.596246911	86.88279895
0.129005119	-0.598345829	86.98279895
0.127947435	-0.600285404	87.08279895
0.126956567	-0.60204665	87.18279894
0.125982672	-0.603724364	87.28279894
0.124968499	-0.605341076	87.38279894
0.12399482	-0.60696836	87.48269894
0.122992076	-0.608138341	87.58259894
0.122003354	-0.609436929	87.68259894
0.120995514	-0.610834667	87.78259894
0.120003596	-0.611973099	87.88259894
0.119012728	-0.613084864	87.98259893
0.117986597	-0.614279797	88.08249893
0.117008738	-0.61526669	88.18239893
0.115990296	-0.61618144	88.28239893
0.114966556	-0.617034838	88.38239893
0.113946006	-0.61769645	88.48239893
0.112948775	-0.618246333	88.58239893
0.111931838	-0.618886248	88.68229893
0.110952213	-0.619383629	88.78219893
0.109939069	-0.619480777	88.88219892
0.10897474	-0.619829001	88.98219892
0.107952051	-0.620123512	89.08219892
0.106962264	-0.620227276	89.18219892
0.105958566	-0.620290116	89.28209892
0.104937039	-0.620429326	89.38199892
0.103928164	-0.620452538	89.48199892
0.102902286	-0.620286117	89.58199892
0.101871118	-0.620183447	89.68199891
0.100917391	-0.619902249	89.78199891
0.099892586	-0.619512244	89.88199891
0.098918974	-0.619260149	89.98189891
0.09789709	-0.618680181	90.08179891
0.096949726	-0.61785197	90.18179891
0.095951445	-0.617348354	90.28179891
0.094935119	-0.616734686	90.38179891
0.09394639	-0.616006154	90.4817989
0.092860989	-0.615321999	90.5816989
0.091913745	-0.614563954	90.6815989
0.090896368	-0.613794264	90.7815989
0.089897029	-0.612869422	90.8815989
0.088890247	-0.611984659	90.9815989
0.087885611	-0.610943932	91.0815989
0.086932503	-0.609858577	91.1814989
0.085879497	-0.608966997	91.28139889
0.084871672	-0.607656717	91.38139889
0.083925366	-0.606352276	91.48139889
0.082923904	-0.605293216	91.58139889
0.081911825	-0.604040845	91.68139889
0.080943249	-0.602787124	91.78139889
0.079907827	-0.601672825	91.88119889
0.078878783	-0.600408908	91.98119889
0.077913389	-0.599249963	92.08119889
0.076893881	-0.597932116	92.18119888
0.075872265	-0.596591545	92.28119888
0.074873976	-0.595196663	92.38119888
0.073874161	-0.593822305	92.48109888
0.072869986	-0.592488167	92.58099888
0.071858972	-0.590850947	92.68099888
0.070930704	-0.589237887	92.78099888
0.069921814	-0.587980983	92.88099888
0.068941563	-0.586490879	92.98099887
0.067862958	-0.585007902	93.08089887
0.066897266	-0.583699508	93.18079887
0.065938227	-0.582243634	93.28079887
0.064906001	-0.580844088	93.38079887
0.06390772	-0.579417055	93.48079887
0.062888213	-0.577971924	93.58079887
0.061946977	-0.5765105	93.68069887
0.060908627	-0.575078966	93.78059886
0.059950646	-0.573674086	93.88059886
0.058936454	-0.5719468	93.98059886
0.057944536	-0.570532606	94.08059886
0.056892153	-0.569245746	94.18059886
0.055901293	-0.567879566	94.28059886
0.054889377	-0.56648411	94.38049886
0.053850625	-0.565281929	94.48039886
0.052903261	-0.563948997	94.58039885
0.051935744	-0.562709693	94.68039885
0.050910942	-0.561477703	94.78039885
0.049923267	-0.560161175	94.88039885
0.048903726	-0.558864891	94.98029885
0.047907602	-0.55772524	95.08019885
0.046914626	-0.556484888	95.18019885
0.04593331	-0.55497987	95.28019885
0.044871382	-0.553812634	95.38019885
0.043893255	-0.552759539	95.48019884
0.042937715	-0.551609288	95.58009884
0.04192533	-0.550542005	95.67999884
0.0408931	-0.549568884	95.77999884
0.03991285	-0.548630959	95.87999884
0.038929421	-0.547614509	95.97999884
0.03793326	-0.54678243	96.07999884
0.036931701	-0.545774698	96.17989884
0.035941996	-0.544834251	96.27979883
0.034908701	-0.544086276	96.37979883
0.03390193	-0.543094258	96.47979883
0.032973666	-0.54202354	96.57979883
0.031996604	-0.541342148	96.67979883
0.030944215	-0.540597555	96.77979883
0.029921796	-0.539873261	96.87969883
0.028933855	-0.539246978	96.97959883
0.0279186	-0.538674191	97.07959882
0.026918193	-0.538231124	97.17959882
0.025900817	-0.537649989	97.27959882
0.024871765	-0.53727166	97.37959882
0.023869272	-0.536734682	97.47949882
0.02288687	-0.536227767	97.57939882
0.021917231	-0.53592902	97.67939882
0.020938043	-0.535369473	97.77939882
0.019915357	-0.534784813	97.87939881
0.018893737	-0.5346392	97.97939881
0.017964922	-0.534363077	98.07929881
0.016951274	-0.534169684	98.17919881
0.015887218	-0.534115554	98.27919881
0.014901665	-0.533979526	98.37919881
0.013937328	-0.533986403	98.47919881
0.012922073	-0.533999131	98.57919881
0.011937579	-0.53410296	98.67919881
0.010908532	-0.534146311	98.7789988
0.009915553	-0.534242813	98.8789988
0.00891833	-0.534487009	98.9789988
0.007904134	-0.534510839	99.0789988
0.006935556	-0.534594417	99.1789988
0.005904385	-0.535098271	99.2789988
0.004934245	-0.535468441	99.3788988
0.003947071	-0.535799811	99.4787988
0.002932875	-0.536375458	99.57879879
0.001931409	-0.537169687	99.67879879
0.000827038	-0.539212721	99.77879879
-0.000155332	-0.53964336	99.87879879
-0.00117244	-0.540138855	99.97869879
-0.002165691	-0.540680638	100.0785988
-0.003161852	-0.541389274	100.1785988
-0.004173927	-0.542187407	100.2785988
-0.005110681	-0.542678966	100.3785988
-0.006123817	-0.54347102	100.4785988
-0.007099162	-0.544509454	100.5784988
-0.008147966	-0.545447508	100.6783988
-0.009129276	-0.546359136	100.7783988
-0.010130743	-0.547489461	100.8783988
-0.011140697	-0.548532414	100.9783988
-0.012089119	-0.549639464	101.0783988
-0.013138324	-0.550917393	101.1783988
-0.014161997	-0.552105608	101.2782988
-0.015161414	-0.553265615	101.3781988
-0.016125748	-0.554599765	101.4781988
-0.017115548	-0.555857587	101.5781988
-0.018119134	-0.55683887	101.6781988
-0.019171521	-0.558176335	101.7781988
-0.020133907	-0.559671561	101.8780988
-0.021156419	-0.561066846	101.9779988
-0.022123937	-0.562521519	102.0779988
-0.023164656	-0.564098788	102.1779988
-0.024168245	-0.565744992	102.2779988
-0.025136825	-0.565743081	102.3779988
-0.026133912	-0.566994054	102.4778988
-0.02714294	-0.568677122	102.5777988
-0.028145468	-0.570330809	102.6777988
-0.029147994	-0.572156173	102.7777988
-0.030132486	-0.57380098	102.8777988
-0.031123342	-0.575272362	102.9777988
-0.032126043	-0.577116976	103.0776988
-0.033114608	-0.579009525	103.1775988
-0.034134105	-0.58076726	103.2775987
-0.03509526	-0.58260314	103.3775987
-0.036107332	-0.584485587	103.4775987
-0.037116226	-0.586448747	103.5775987
-0.038158007	-0.588343981	103.6775987
-0.039101798	-0.59035774	103.7774987
-0.040106837	-0.592216613	103.8773987
-0.041143309	-0.594112277	103.9773987
-0.042155381	-0.596154745	104.0773987
-0.043187615	-0.597943353	104.1773987
-0.044106334	-0.599727453	104.2773987
-0.045134626	-0.601880599	104.3772987
-0.046107147	-0.603878618	104.4771987
-0.04709588	-0.605839477	104.5771987
-0.048110079	-0.607874853	104.6771987
-0.049123213	-0.609892661	104.7771987
-0.050110891	-0.612099599	104.8771987
-0.0511159	-0.614135217	104.9770987
-0.052121248	-0.616216401	105.0769987
-0.053121656	-0.618245705	105.1769987
-0.054116752	-0.620232388	105.2769987
-0.055141561	-0.622335391	105.3769987
-0.056118626	-0.624117236	105.4769987
-0.057095688	-0.625945997	105.5769987
-0.058150198	-0.628159808	105.6767987
-0.059118785	-0.630078681	105.7767987
-0.060104337	-0.631989548	105.8767987
-0.06111959	-0.634047853	105.9767987
-0.062116809	-0.635965521	106.0767987
-0.063143745	-0.638030876	106.1767987
-0.064107627	-0.640013296	106.2766987
-0.065133952	-0.641891658	106.3765987
-0.066105701	-0.643721506	106.4765987
-0.067135811	-0.645561277	106.5765987
-0.068156384	-0.64742279	106.6765987
-0.069077224	-0.648890873	106.7765987
-0.07008934	-0.650627954	106.8764987
-0.071119405	-0.652512088	106.9763987
-0.07209859	-0.654157171	107.0763987
-0.073131882	-0.655796637	107.1763987
-0.074100465	-0.657533954	107.2763987
-0.075106174	-0.659188344	107.3763987
-0.076066822	-0.660843622	107.4762987
-0.077096373	-0.662530545	107.5761987
-0.078093596	-0.664028272	107.6761987
-0.079106726	-0.665445517	107.7761987
-0.080123052	-0.666909332	107.8761987
-0.081104361	-0.668294531	107.9761987
-0.082120679	-0.669328468	108.0761987
-0.083108231	-0.670720275	108.1760987
-0.08413104	-0.672151369	108.2759987
-0.085094318	-0.673382513	108.3759987
-0.086081989	-0.674649909	108.4759987
-0.087124832	-0.675957314	108.5759987
-0.088132665	-0.677227179	108.6759987
-0.089120738	-0.678455763	108.7758987
-0.090106949	-0.679731264	108.8757987
-0.091106296	-0.680789102	108.9757987
-0.092126854	-0.68193244	109.0757987
-0.093134686	-0.683144929	109.1757987
-0.094101138	-0.684180874	109.2757987
-0.095113136	-0.685063295	109.3756987
-0.096115746	-0.686218134	109.4755987
-0.097108722	-0.687368857	109.5755987
-0.098111264	-0.688443383	109.6755987
-0.09909787	-0.689547067	109.7755987
-0.100106768	-0.690732261	109.8755987
-0.101136111	-0.691972987	109.9754987
-0.10210757	-0.693089726	110.0753987
-0.103083573	-0.694293434	110.1753987
-0.10410627	-0.695397808	110.2753987
-0.105105609	-0.696521962	110.3753987
-0.106116623	-0.697830052	110.4753987
-0.107093692	-0.698843605	110.5753987
-0.108063139	-0.699870349	110.6752987
-0.109078579	-0.701260248	110.7751987
-0.110099152	-0.702516557	110.8751987
-0.111105926	-0.703780083	110.9751987
-0.112062834	-0.705170186	111.0751987
-0.113118395	-0.706533263	111.1751987
-0.114115849	-0.708023543	111.2750987
-0.11509268	-0.709409909	111.3749987
-0.116107941	-0.710945768	111.4749987
-0.117094554	-0.712349927	111.5749986
-0.118114062	-0.713800742	111.6749986
-0.119113393	-0.715364119	111.7749986
-0.120115571	-0.716683998	111.8748986
-0.121070713	-0.718132207	111.9747986
-0.122098714	-0.719861846	112.0747986
-0.123075768	-0.721435098	112.1747986
-0.124064513	-0.723042497	112.2747986
-0.125104174	-0.724777589	112.3747986
-0.126049533	-0.726506489	112.4746986
-0.127086937	-0.728486574	112.5745986
-0.128055528	-0.730293067	112.6745986
-0.129095182	-0.732101109	112.7745986
-0.130054206	-0.73384964	112.8745986
-0.131092802	-0.735749044	112.9745986
-0.132128224	-0.737714649	113.0745986
-0.133046404	-0.739323401	113.1744986
-0.134029314	-0.741206988	113.2743986
-0.135064736	-0.743260898	113.3743986
-0.136074677	-0.745297579	113.4743986
-0.137104779	-0.747263303	113.5743986
-0.138110504	-0.749492619	113.6743986
-0.139097035	-0.751650887	113.7742986
-0.140073106	-0.753862208	113.8741986
-0.141109601	-0.756152477	113.9741986
-0.142113179	-0.758298244	114.0741986
-0.143133745	-0.76047655	114.1741986
-0.144086421	-0.762833571	114.2741986
-0.145106286	-0.765199502	114.3740986
-0.146033138	-0.767284218	114.4739986
-0.147078067	-0.7697362	114.5739986
-0.148100749	-0.772205037	114.6739986
-0.149075702	-0.774602196	114.7739986
-0.150075063	-0.777098417	114.8739986
-0.151038319	-0.779752961	114.9739986
-0.152112991	-0.78251316	115.0737986
-0.153082624	-0.785180234	115.1737986
-0.154104248	-0.787956434	115.2737986
-0.155106768	-0.790580788	115.3737986
-0.156088069	-0.793221683	115.4737986
-0.157107592	-0.796081989	115.5737986
-0.158109561	-0.798829201	115.6736986
-0.159054294	-0.801440849	115.7735986
-0.160027131	-0.804424683	115.8735986
-0.161044508	-0.807380638	115.9735986
-0.16205658	-0.81030179	116.0735986
-0.163072899	-0.813301713	116.1735986
-0.16407305	-0.816483587	116.2734986
-0.165066287	-0.819600934	116.3733986
-0.166083664	-0.822699089	116.4733986
-0.167062849	-0.825957819	116.5733986
-0.168068558	-0.829004155	116.6733986
-0.169077441	-0.832166809	116.7733986
-0.170085773	-0.835540351	116.8732986
-0.171042174	-0.838528412	116.9731986
-0.172036216	-0.84159162	117.0731986
-0.173035562	-0.845018735	117.1731986
-0.174058259	-0.848364719	117.2731986
-0.175044894	-0.851613111	117.3731986
-0.176093012	-0.854990523	117.4731986
-0.177068889	-0.858437406	117.5730986
-0.17803444	-0.861985168	117.6729986
-0.179071948	-0.865367994	117.7729986
-0.180058569	-0.868817542	117.8729986
-0.181054726	-0.872138056	117.9729986
-0.182056189	-0.875495704	118.0729986
-0.183078006	-0.879007271	118.1728986
-0.184052765	-0.882280929	118.2727986
-0.185028777	-0.885514659	118.3727986
-0.186042964	-0.889121858	118.4727986
-0.187027454	-0.892545975	118.5727986
-0.188045904	-0.895971905	118.6727986
-0.189035565	-0.89962345	118.7726986
-0.190059438	-0.903060194	118.8725986
-0.191050291	-0.906656281	118.9725986
-0.192033723	-0.910191641	119.0725986
-0.193081856	-0.913721913	119.1725986
-0.194075912	-0.917263622	119.2725986
-0.195052087	-0.920774824	119.3724986
-0.196039587	-0.924401143	119.4723986
-0.197050616	-0.927665512	119.5723986
-0.198037222	-0.931155447	119.6723986
-0.199048236	-0.934896501	119.7723985
-0.20007728	-0.938490523	119.8723985
-0.201037377	-0.942080847	119.9723985
-0.202069461	-0.94593689	120.0722985
-0.203039259	-0.949597153	120.1721985
-0.204056621	-0.953317787	120.2721985
-0.20501776	-0.95715329	120.3721985
-0.205998033	-0.96098313	120.4721985
-0.207040876	-0.964769404	120.5721985
-0.208074331	-0.968816126	120.6720985
-0.209035307	-0.972757039	120.7719985
-0.210002854	-0.976387534	120.8719985
-0.211026579	-0.980460463	120.9719985
-0.212013185	-0.984679192	121.0719985
-0.213032693	-0.988776191	121.1719985
-0.214048699	-0.992998439	121.2718985
-0.215031385	-0.997437498	121.3717985
-0.216033906	-1.001775131	121.4717985
-0.217036441	-1.00624191	121.5717985
-0.218030483	-1.010832044	121.6717985
-0.21904999	-1.015229076	121.7717985
-0.22003448	-1.019807584	121.8717985
-0.221067771	-1.024663604	121.9715985
-0.222058609	-1.029376257	122.0715985
-0.223007053	-1.033929603	122.1715985
-0.22399576	-1.039024385	122.2715985
-0.225043938	-1.043753301	122.3715985
-0.226020992	-1.049069185	122.4715985
-0.227013648	-1.054312716	122.5714985
-0.228006944	-1.059607126	122.6713985
-0.229047671	-1.065235697	122.7713985
-0.230031103	-1.070676578	122.8713985
-0.231030479	-1.07633093	122.9713985
-0.232019216	-1.081957255	123.0713985
-0.233042702	-1.087713816	123.1712985
-0.234012574	-1.093633075	123.2711985
-0.23517637	-1.09912473	123.3861985
-0.236279637	-1.105509045	123.5011985
-0.237353265	-1.1117345	123.6011985
-0.238329276	-1.118081418	123.7011985
-0.239276543	-1.124340167	123.8010985
-0.240307823	-1.131027453	123.9009985
-0.241302907	-1.137633167	124.0009985
-0.242289498	-1.144425768	124.1009985
-0.243319631	-1.151356661	124.2009985
-0.244331688	-1.158292387	124.3009985
-0.245309427	-1.165192383	124.4008985
-0.246282652	-1.172413071	124.5007985
-0.247344583	-1.179690162	124.6007985
-0.248295113	-1.186705927	124.7007985
-0.249313563	-1.19420859	124.8007985
-0.25031504	-1.201700088	124.9007985
-0.251294255	-1.209459551	125.0006985
-0.252365708	-1.217200421	125.1005985
-0.253303528	-1.225120104	125.2005985
-0.25431031	-1.233088692	125.3005985
-0.255302191	-1.241127629	125.4005985
-0.256317466	-1.249397273	125.5005985
-0.257331669	-1.257571351	125.6005985
-0.258320868	-1.265828721	125.7004985
-0.259342045	-1.274246668	125.8003985
-0.260319114	-1.282651342	125.9003985
-0.261304647	-1.290832856	126.0003985
-0.262319893	-1.299701316	126.1003985
-0.263319284	-1.308423844	126.2003985
-0.264301717	-1.317136767	126.3002985
-0.265330672	-1.325854062	126.4001985
-0.26631093	-1.334964986	126.5001985
-0.267344207	-1.343828705	126.6001985
-0.26829794	-1.353105633	126.7001985
-0.269355625	-1.362247604	126.8001985
-0.270292908	-1.371394494	126.9000985
-0.27130872	-1.380613723	126.9999985
-0.27234304	-1.390151949	127.0999985
-0.273333907	-1.399348935	127.1999985
-0.274235636	-1.408456501	127.2999985
-0.275310308	-1.417921594	127.3999985
-0.276325583	-1.427417777	127.4999985
-0.277335405	-1.436959443	127.5998985
-0.278313667	-1.446499163	127.6997985
-0.279292852	-1.456175309	127.7997985
-0.280314475	-1.466059222	127.8997985
-0.281340331	-1.47571708	127.9997985
-0.282318473	-1.485568294	128.0997984
-0.28331396	-1.495276691	128.1996984
-0.284306556	-1.505016073	128.2995984
-0.285258144	-1.514733357	128.3995984
-0.286323309	-1.524252489	128.4995984
-0.287321568	-1.533838389	128.5995984
-0.288336784	-1.543832794	128.6995984
-0.289312541	-1.553493747	128.7994984
-0.290285647	-1.563411061	128.8993984
-0.291282892	-1.573330561	128.9993984
-0.292304486	-1.583004623	129.0993984
-0.293273062	-1.593207469	129.1993984
-0.294294685	-1.602922605	129.2993984
-0.295318663	-1.612705479	129.3992984
-0.296314567	-1.622514423	129.4991984
-0.297304392	-1.632203348	129.5991984
-0.298285663	-1.642133972	129.6991984
-0.299328536	-1.651510254	129.7991984
-0.300296038	-1.661282438	129.8991984
-0.301295429	-1.670771622	129.9991984
-0.302320004	-1.680709974	130.0990984
-0.303279221	-1.690167003	130.1989984
-0.304308295	-1.700025405	130.2989984
-0.305292755	-1.709590614	130.3989984
-0.306298465	-1.719189493	130.4989984
-0.307302117	-1.728877473	130.5989984
-0.308346123	-1.738327546	130.6988984
-0.30929333	-1.747843567	130.7987984
-0.310328722	-1.757311845	130.8987984
-0.311274022	-1.766659086	130.9987984
-0.312314689	-1.775791841	131.0987984
-0.313292831	-1.784942102	131.1987984
-0.31427595	-1.794401472	131.2986984
-0.315287292	-1.803580742	131.3985984
-0.316293001	-1.812661519	131.4985984
-0.317292333	-1.822006437	131.5985984
-0.318290621	-1.830990749	131.6985984
-0.31929633	-1.84016584	131.7985984
-0.320265979	-1.849229857	131.8985984
-0.321292907	-1.85811987	131.9983984
-0.322288007	-1.867026617	132.0983984
-0.323278844	-1.875888175	132.1983984
-0.324325979	-1.884808715	132.2983984
-0.325254232	-1.893124554	132.3983984
-0.326318264	-1.90201616	132.4983984
-0.327298015	-1.910601861	132.5982984
-0.328238428	-1.919177984	132.6981984
-0.329305708	-1.927937727	132.7981984
-0.330303967	-1.936376374	132.8981984
-0.331285298	-1.945327954	132.9981984
-0.332297355	-1.953526176	133.0981984
-0.333256513	-1.962225171	133.1980984
-0.334292859	-1.970514774	133.2979984
-0.335297525	-1.978739695	133.3979984
-0.336303234	-1.987181749	133.4979984
-0.33730039	-1.995185447	133.5979984
-0.338328421	-2.003191043	133.6979984
-0.339283764	-2.011285236	133.7978984
-0.340317577	-2.01938037	133.8977984
-0.341269195	-2.027355896	133.9977984
-0.342325836	-2.035446346	134.0977984
-0.343276352	-2.043381941	134.1977984
-0.344283104	-2.051268411	134.2977984
-0.345266551	-2.0590834	134.3977984
-0.346332759	-2.066945794	134.4975984
-0.347296029	-2.074569723	134.5975984
-0.348294318	-2.082331917	134.6975984
-0.34926182	-2.089932605	134.7975984
-0.350284517	-2.097382475	134.8975984
-0.351273209	-2.104525504	134.9975984
-0.352276415	-2.112143825	135.0974984
-0.353265554	-2.119498237	135.1973984
-0.354272336	-2.12669467	135.2973984
-0.355236679	-2.134174152	135.3973984
-0.356297553	-2.141273542	135.4973984
-0.357289493	-2.148675222	135.5973984
-0.358324498	-2.155837608	135.6972984
-0.35927543	-2.162851578	135.7971984
-0.360295951	-2.169768556	135.8971984
-0.361284733	-2.176643648	135.9971984
-0.362281948	-2.183557213	136.0971984
-0.363298237	-2.190068969	136.1971984
-0.364286274	-2.196649622	136.2970983
-0.365259767	-2.20334794	136.3969983
-0.366316438	-2.209889823	136.4969983
-0.367258519	-2.216379569	136.5969983
-0.368273795	-2.222991463	136.6969983
-0.369222164	-2.229397252	136.7969983
-0.370286286	-2.235819501	136.8969983
-0.371294945	-2.242176853	136.9968983
-0.372274339	-2.248419067	137.0967983
-0.373272598	-2.2544084	137.1967983
-0.374262363	-2.260534776	137.2967983
-0.375285059	-2.266615363	137.3967983
-0.37629503	-2.272151746	137.4967983
-0.377279758	-2.278068622	137.5966983
-0.378297955	-2.283917193	137.6965983
-0.379285663	-2.289576262	137.7965983
-0.380248934	-2.295132944	137.8965983
-0.381270587	-2.300760909	137.9965983
-0.382262409	-2.306418451	138.0965983
-0.383239478	-2.311919691	138.1964983
-0.384304613	-2.317343039	138.2963983
-0.385282755	-2.322601744	138.3963983
-0.386305422	-2.327759065	138.4963983
-0.387294173	-2.332931688	138.5963983
-0.388250023	-2.337984507	138.6963983
-0.389265448	-2.342508786	138.7962983
-0.390295386	-2.347514379	138.8961983
-0.391274601	-2.352449361	138.9961983
-0.392249554	-2.357083868	139.0961983
-0.393265903	-2.36184101	139.1961983
-0.394280046	-2.366408188	139.2961983
-0.395300657	-2.370857019	139.3961983
-0.396262467	-2.375198286	139.4960983
-0.397271693	-2.37958972	139.5959983
-0.398254126	-2.383767635	139.6959983
-0.399283201	-2.387813063	139.7959983
-0.40030691	-2.3919582	139.8959983
-0.401259571	-2.395628664	139.9959983
-0.402244419	-2.39921851	140.0958983
-0.403254002	-2.403082677	140.1957983
-0.404293716	-2.406620554	140.2957983
-0.405212373	-2.410182985	140.3957983
-0.406278551	-2.413658644	140.4957983
-0.407276839	-2.417044153	140.5957983
-0.408278883	-2.420506761	140.6956983
-0.409274489	-2.423679078	140.7955983
-0.410256803	-2.426851328	140.8955983
-0.411261499	-2.429738712	140.9955983
-0.412257642	-2.432639327	141.0955983
-0.41331324	-2.435516788	141.1955983
-0.414282858	-2.437969968	141.2955983
-0.415226012	-2.440433215	141.3953983
-0.416278362	-2.442943633	141.4953983
-0.41724059	-2.445307505	141.5953983
-0.41824314	-2.447499533	141.6953983
-0.41928488	-2.449864379	141.7953983
-0.420300156	-2.452006124	141.8953983
-0.421270519	-2.454185953	141.9952983
-0.422254294	-2.456201981	142.0951983
-0.423259974	-2.458026701	142.1951983
-0.424251914	-2.459820547	142.2951983
-0.425296903	-2.461530408	142.3951983
-0.426242113	-2.463182049	142.4951983
-0.427251905	-2.464462935	142.5950983
-0.428246111	-2.465849372	142.6949983
-0.429256052	-2.467341938	142.7949983
-0.430228889	-2.468552802	142.8949983
-0.431237787	-2.469753101	142.9949983
-0.432256192	-2.471017127	143.0949983
-0.433242112	-2.472005189	143.1948983
-0.434230506	-2.473142441	143.2947983
-0.435274422	-2.474134163	143.3947983
-0.43631196	-2.474859316	143.4947983
-0.43724972	-2.47552876	143.5947983
-0.438264996	-2.476128265	143.6947983
-0.439262211	-2.476779414	143.7947983
-0.440255225	-2.477004964	143.8945983
-0.441226989	-2.477419318	143.9945983
-0.442225277	-2.47787208	144.0945983
-0.443255365	-2.478120125	144.1945983
-0.444232404	-2.478369405	144.2945983
-0.445263624	-2.47865634	144.3945983
-0.446293145	-2.47875835	144.4944983
-0.447251678	-2.478858438	144.5943982
-0.44823727	-2.478906607	144.6943982
-0.449256748	-2.478827781	144.7943982
-0.450262427	-2.478613653	144.8943982
-0.451270282	-2.478595701	144.9943982
-0.452289581	-2.478298875	145.0942982
-0.453220218	-2.477820096	145.1941982
-0.454212099	-2.477481057	145.2941982
-0.455230564	-2.477080091	145.3941982
-0.456229895	-2.476790228	145.4941982
-0.457252592	-2.476251133	145.5941982
-0.458231837	-2.475822039	145.6940982
-0.459258676	-2.475479528	145.7939982
-0.460269719	-2.475024936	145.8939982
-0.461274326	-2.474385914	145.9939982
-0.462260962	-2.473722259	146.0939982
-0.463211477	-2.472998461	146.1939982
-0.464245886	-2.472433486	146.2939982
-0.465224773	-2.471594156	146.3938982
-0.466226488	-2.470533907	146.4937982
-0.467202514	-2.469776388	146.5937982
-0.468236864	-2.469072043	146.6937982
-0.469257385	-2.468249877	146.7937982
-0.470228106	-2.467607659	146.8937982
-0.471271187	-2.466809311	146.9936982
-0.472276688	-2.466032803	147.0935982
-0.473247379	-2.464869098	147.1935982
-0.47425732	-2.464049531	147.2935982
-0.475238681	-2.463199899	147.3935982
-0.476216763	-2.462239732	147.4935982
-0.477301419	-2.461460426	147.5934982
-0.478224993	-2.460439632	147.6933982
-0.479264677	-2.459444278	147.7933982
-0.480251312	-2.458678645	147.8933982
-0.481229395	-2.457763698	147.9933982
-0.482249945	-2.456868677	148.0933982
-0.483216584	-2.455969015	148.1932982
-0.484291077	-2.455207554	148.2931982
-0.485232055	-2.454433252	148.3931982
-0.486205965	-2.453563961	148.4931982
-0.487239242	-2.452671828	148.5931982
-0.488239646	-2.451768332	148.6931982
-0.489223093	-2.450810213	148.7931982
-0.490202844	-2.45002741	148.8930982
-0.491256803	-2.44896619	148.9929982
-0.492254019	-2.447950548	149.0929982
-0.493216217	-2.447246258	149.1929982
-0.494215608	-2.446418454	149.2929982
-0.495221257	-2.445579936	149.3929982
-0.496210009	-2.444964709	149.4928982
-0.497229546	-2.444300892	149.5927982
-0.498197049	-2.44364065	149.6927982
-0.499262124	-2.443035851	149.7927982
-0.500243485	-2.442371837	149.8927982
-0.501189768	-2.441722882	149.9927982
-0.502215147	-2.441211657	150.0926982
-0.503235102	-2.440704507	150.1925982
-0.504185677	-2.439841753	150.2925982
-0.50519675	-2.439370329	150.3925982
-0.506221533	-2.439030692	150.4925982
-0.507197499	-2.438616546	150.5925982
-0.508217216	-2.438249573	150.6924982
-0.509206772	-2.438113615	150.7923982
-0.510180652	-2.437847778	150.8923982
-0.511238337	-2.437603669	150.9923982
-0.512264252	-2.437592191	151.0923982
-0.513221204	-2.437418979	151.1923982
-0.514226854	-2.43735949	151.2923982
-0.515228987	-2.437437301	151.3922982
-0.51620537	-2.437397407	151.4921982
-0.517195165	-2.437205126	151.5921982
-0.518204093	-2.437269935	151.6921982
-0.519186497	-2.437511257	151.7921982
-0.520216584	-2.437688401	151.8921982
-0.521200895	-2.437945147	151.9920982
-0.522240758	-2.438411306	152.0919982
-0.523241103	-2.438740761	152.1919982
-0.524237335	-2.439208553	152.2919982
-0.525204778	-2.439765181	152.3919982
-0.526216924	-2.440229929	152.4919982
-0.527206242	-2.440750777	152.5918982
-0.528243124	-2.441461627	152.6917982
-0.529228687	-2.441934991	152.7917982
-0.530197263	-2.442352706	152.8917981
-0.531190217	-2.44315959	152.9917981
-0.532215059	-2.443913278	153.0917981
-0.533215523	-2.444692781	153.1917981
-0.534175575	-2.445697008	153.2915981
-0.535174906	-2.446510158	153.3915981
-0.536236882	-2.447644668	153.4915981
-0.537218213	-2.44860629	153.5915981
-0.538242936	-2.449701493	153.6915981
-0.539228499	-2.450767206	153.7915981
-0.540203869	-2.451872652	153.8914981
-0.541234672	-2.453142376	153.9913981
-0.542183101	-2.454046321	154.0913981
-0.543221653	-2.45508082	154.1913981
-0.544188142	-2.456450934	154.2913981
-0.545212865	-2.457730589	154.3913981
-0.546190977	-2.45965909	154.4912981
-0.547208428	-2.460699586	154.5911981
-0.54819715	-2.462039538	154.6911981
-0.549232543	-2.463544646	154.7911981
-0.550170362	-2.464959551	154.8911981
-0.551195264	-2.466441456	154.9911981
-0.552210748	-2.467925537	155.0910981
-0.553218305	-2.469463379	155.1909981
-0.554210186	-2.471180911	155.2909981
-0.555213809	-2.472557828	155.3909981
-0.556202531	-2.474079343	155.4909981
-0.557199776	-2.475911611	155.5909981
-0.558185279	-2.477603375	155.6909981
-0.559190869	-2.479424764	155.7908981
-0.560223222	-2.481456349	155.8907981
-0.561248064	-2.483222086	155.9907981
-0.562190056	-2.485140274	156.0907981
-0.56320852	-2.4870081	156.1907981
-0.56422168	-2.488908232	156.2907981
-0.565165341	-2.490667887	156.3906981
-0.566244781	-2.492654157	156.4905981
-0.567228258	-2.494600484	156.5905981
-0.568194628	-2.496246874	156.6905981
-0.569196165	-2.498209053	156.7905981
-0.57017535	-2.500416943	156.8905981
-0.57120508	-2.502263079	156.9904981
-0.572200537	-2.504331885	157.0903981
-0.573194563	-2.506511753	157.1903981
-0.574211955	-2.508639521	157.2903981
-0.57523042	-2.510841094	157.3903981
-0.576203227	-2.512989241	157.4903981
-0.577184737	-2.51501272	157.5902981
-0.578182757	-2.517245454	157.6901981
-0.579210818	-2.519556595	157.7901981
-0.580244124	-2.521718017	157.8901981
-0.581207335	-2.523623888	157.9901981
-0.582222581	-2.525936051	158.0901981
-0.583129704	-2.528178971	158.1901981
-0.584201932	-2.530410575	158.2900981
-0.58518666	-2.532682234	158.3899981
-0.586194456	-2.535058083	158.4899981
-0.587201297	-2.537542796	158.5899981
-0.588203788	-2.53985817	158.6899981
-0.589202106	-2.542195393	158.7899981
-0.590205967	-2.544492301	158.8898981
-0.591188133	-2.546816397	158.9897981
-0.592206538	-2.54933617	159.0897981
-0.593239784	-2.551490141	159.1897981
-0.594156444	-2.553866609	159.2897981
-0.595168471	-2.556114387	159.3897981
-0.596188605	-2.558526753	159.4896981
-0.597214878	-2.560820335	159.5895981
-0.598205805	-2.563365718	159.6895981
-0.599232674	-2.565994691	159.7895981
-0.60018003	-2.568549364	159.8895981
-0.601203799	-2.571109281	159.9895981
-0.60217762	-2.573709257	160.0895981
-0.603157938	-2.57623033	160.1893981
-0.60417527	-2.578854838	160.2893981
-0.605212867	-2.581549567	160.3893981
-0.606224954	-2.583985973	160.4893981
-0.607184947	-2.586563379	160.5893981
-0.608209789	-2.589337297	160.6893981
-0.609221458	-2.592059884	160.7892981
-0.610213876	-2.595117334	160.8891981
-0.611207843	-2.597988136	160.9891981
-0.61214143	-2.600626902	161.089198
-0.613166213	-2.603360379	161.189198
-0.614204824	-2.606320447	161.289198
-0.615171313	-2.608949689	161.389098
-0.61623323	-2.611745571	161.488998
-0.617171109	-2.614638112	161.588998
-0.618142843	-2.617592522	161.688998
-0.619150579	-2.620246935	161.788998
-0.62018919	-2.623079959	161.888998
-0.621173918	-2.626111345	161.988898
-0.622196436	-2.629080545	162.088798
-0.623172402	-2.632133041	162.188798
-0.624203622	-2.635252543	162.288798
-0.625156283	-2.638294892	162.388798
-0.626168311	-2.641445632	162.488798
-0.627189934	-2.644707868	162.588798
-0.628177583	-2.647973856	162.688598
-0.629165232	-2.651161963	162.788598
-0.630225122	-2.654483724	162.888598
-0.631162941	-2.657834809	162.988598
-0.632126212	-2.661048339	163.088598
-0.633158386	-2.664414479	163.188598
-0.634155989	-2.667824333	163.288498
-0.635151803	-2.671309179	163.388398
-0.636180818	-2.674732491	163.488398
-0.637166321	-2.678331316	163.588398
-0.63819015	-2.681958373	163.688398
-0.639170408	-2.685615368	163.788398
-0.640168369	-2.689447821	163.888298
-0.641199827	-2.693183928	163.988198
-0.642179072	-2.696721594	164.088198
-0.643173099	-2.700594406	164.188198
-0.644160748	-2.704444244	164.288198
-0.645161152	-2.708012628	164.388198
-0.646169364	-2.712470353	164.488198
-0.647213936	-2.716610686	164.587998
-0.648189962	-2.720845012	164.687998
-0.649192512	-2.724952256	164.787998
-0.650202394	-2.729138632	164.887998
-0.651160419	-2.733364867	164.987998
-0.65214175	-2.737706499	165.087998
-0.653167307	-2.74192239	165.187898
-0.654162705	-2.74616387	165.287798
-0.655158877	-2.750370467	165.387798
-0.656178355	-2.754836802	165.487798
-0.657117248	-2.758830051	165.587798
-0.658164263	-2.762851079	165.687798
-0.659182847	-2.767577714	165.787698
-0.66015029	-2.772445622	165.887598
-0.661137998	-2.776882415	165.987598
-0.662131965	-2.779501561	166.087598
-0.66317904	-2.779955199	166.187598
-0.664150834	-2.781883112	166.287598
-0.665150762	-2.786353514	166.387498
-0.666140974	-2.791156214	166.487398
-0.667144537	-2.796204169	166.587398
-0.668142855	-2.801547109	166.687398
-0.669185758	-2.8075154	166.787398
-0.67019248	-2.813114562	166.887398
-0.671149433	-2.81776606	166.987298
-0.672127545	-2.823143568	167.087198
-0.673152387	-2.82829343	167.187198
-0.67410928	-2.834999504	167.287198
-0.67517966	-2.841818257	167.387198
-0.676155686	-2.847557466	167.487198
-0.677135944	-2.853645839	167.587198
-0.678114653	-2.859502859	167.687098
-0.679190874	-2.857427806	167.786998
-0.680147707	-2.855647163	167.886998
-0.68114388	-2.861329793	167.986998
-0.682185709	-2.867326865	168.086998
-0.683127761	-2.871757786	168.186998
-0.684125006	-2.869411977	168.286898
-0.685174167	-2.873613265	168.386798
-0.686151266	-2.878643685	168.486798
-0.687174976	-2.883515976	168.586798
-0.688180625	-2.886961455	168.686798
-0.689134419	-2.887337515	168.786798
-0.690156639	-2.894142977	168.886698
-0.691143632	-2.900584296	168.986598
-0.69216007	-2.907555602	169.086598
-0.69318372	-2.913868823	169.186598
-0.694120526	-2.915823009	169.286598
-0.695154905	-2.920030663	169.3865979
-0.696143627	-2.923028779	169.4865979
-0.697123885	-2.92656721	169.5863979
-0.698144495	-2.931260991	169.6863979
-0.699131012	-2.934604311	169.7863979
-0.700143099	-2.936911445	169.8863979
-0.700714767	-2.93879355	169.9413979
-0.700772047	-2.939442359	169.9517979
-0.700285375	-2.914100471	170.0067979
-0.699249804	-2.884783101	170.1067979
-0.698249519	-2.857216105	170.2067979
-0.697240531	-2.831167492	170.3067979
-0.696229577	-2.80439191	170.4065979
-0.695302427	-2.776702399	170.5065979
-0.694314718	-2.752158653	170.6065979
-0.693249524	-2.728682709	170.7065979
-0.692292571	-2.702724712	170.8065979
-0.691257298	-2.677815467	170.9065979
-0.690218329	-2.654068492	171.0064979
-0.68924588	-2.630705439	171.1063979
-0.688234806	-2.604624348	171.2063979
-0.687234402	-2.580732545	171.3063979
-0.686254084	-2.768922379	171.4063979
-0.685259044	-2.799413113	171.5063979
-0.684241652	-2.769487342	171.6062979
-0.683252931	-2.742042072	171.7061979
-0.682273746	-2.716240172	171.8061979
-0.681267023	-2.69052715	171.9061979
-0.680285692	-2.665885476	172.0061979
-0.679293692	-2.643265013	172.1061979
-0.678243041	-2.620562503	172.2060979
-0.677239895	-2.59833284	172.3059979
-0.676242709	-2.576738103	172.4059979
-0.675238013	-2.550036665	172.5059979
-0.674224913	-2.525449195	172.6059979
-0.673267901	-2.504103905	172.7059979
-0.672266543	-2.492627096	172.8059979
-0.671267331	-2.478455765	172.9058979
-0.670298576	-2.457146902	173.0057979
-0.669254661	-2.43613076	173.1057979
-0.668298781	-2.41463954	173.2057979
-0.667277217	-2.395014593	173.3057979
-0.666276813	-2.375510671	173.4057979
-0.665286541	-2.355432697	173.5056979
-0.66425693	-2.335823989	173.6055979
-0.663245916	-2.316180676	173.7055979
-0.662294328	-2.294184459	173.8055979
-0.661289692	-2.271954609	173.9055979
-0.660210729	-2.250559254	174.0055979
-0.659249783	-2.232631747	174.1054979
-0.658282042	-2.214162402	174.2053979
-0.657294393	-2.196121217	174.3053979
-0.656300366	-2.179287835	174.4053979
-0.655265033	-2.161747712	174.5053979
-0.654274106	-2.138306687	174.6053979
-0.653263867	-2.115007846	174.7052979
-0.652258515	-2.097319604	174.8051979
-0.651269674	-2.074791593	174.9051979
-0.650266051	-2.054512978	175.0051979
-0.649252951	-2.035401166	175.1051979
-0.648246169	-2.015391404	175.2051979
-0.64722991	-1.998660917	175.3051979
-0.646252096	-1.982076005	175.4049979
-0.645253479	-1.964506948	175.5049979
-0.644284844	-1.948021518	175.6049979
-0.643268526	-1.929190283	175.7049979
-0.642269194	-1.910277711	175.8049979
-0.641284764	-1.892389938	175.9049979
-0.640256524	-1.874643879	176.0048979
-0.639287055	-1.856934523	176.1047979
-0.638259113	-1.839349233	176.2047979
-0.637245953	-1.818164852	176.3047979
-0.636227548	-1.803227481	176.4047979
-0.635263205	-1.786430409	176.5047979
-0.63427794	-1.770971139	176.6046979
-0.633258164	-1.755699434	176.7045979
-0.632290661	-1.738932373	176.8045979
-0.631265819	-1.72269405	176.9045979
-0.630238891	-1.704264953	177.0045979
-0.629258692	-1.687656515	177.1045979
-0.62827307	-1.671710383	177.2045979
-0.627232373	-1.655656171	177.3043979
-0.626309454	-1.63955423	177.4043979
-0.625270784	-1.622677436	177.5043979
-0.624253392	-1.606999565	177.6043978
-0.62320745	-1.59121551	177.7043978
-0.622278094	-1.575844437	177.8043978
-0.621249497	-1.55784604	177.9042978
-0.620299578	-1.542260438	178.0041978
-0.619249225	-1.525227299	178.1041978
-0.618262708	-1.509482172	178.2041978
-0.617265403	-1.492868245	178.3041978
-0.616285205	-1.476918351	178.4041978
-0.615289986	-1.461916376	178.5040978
-0.614271641	-1.448370416	178.6039978
-0.613243639	-1.434262424	178.7039978
-0.612258077	-1.419750375	178.8039978
-0.611304402	-1.405977199	178.9039978
-0.610251963	-1.390914187	179.0039978
-0.609288275	-1.377955824	179.1038978
-0.608262837	-1.526613115	179.2037978
-0.607303858	-1.537946412	179.3037978
-0.60627687	-1.514879972	179.4037978
-0.605332732	-1.495474624	179.5037978
-0.604280353	-1.476095396	179.6037978
-0.603254437	-1.457760367	179.7037978
-0.60227108	-1.43963352	179.8035978
-0.601311982	-1.42194175	179.9035978
-0.600274503	-1.404862229	180.0035978
-0.59927088	-1.396743347	180.1035978
-0.598264039	-1.381026359	180.2035978
-0.597271204	-1.36393462	180.3035978
-0.596298873	-1.347088311	180.4034978
-0.595309556	-1.331058287	180.5033978
-0.594269931	-1.315394621	180.6033978
-0.593325734	-1.300103544	180.7033978
-0.592289329	-1.2849033	180.8033978
-0.591286659	-1.269610986	180.9033978
-0.590277016	-1.254894375	181.0032978
-0.589289069	-1.240389352	181.1031978
-0.588291824	-1.225856149	181.2031978
-0.587264955	-1.211971891	181.3031978
-0.586286843	-1.197934745	181.4031978
-0.585294962	-1.183962341	181.5031978
-0.584314525	-1.16901553	181.6030978
-0.58328563	-1.154501321	181.7029978
-0.582271397	-1.140415305	181.8029978
-0.581267893	-1.127145191	181.9029978
-0.580307722	-1.114500415	182.0029978
-0.579270184	-1.101731926	182.1029978
-0.578275084	-1.088932291	182.2029978
-0.577276886	-1.076469992	182.3028978
-0.576289177	-1.064075984	182.4027978
-0.575242102	-1.051505901	182.5027978
-0.574294746	-1.039062598	182.6027978
-0.573285818	-1.026850571	182.7027978
-0.57225889	-1.01486602	182.8027978
-0.571271122	-1.003164012	182.9026978
-0.570273995	-0.991627534	183.0025978
-0.569337189	-0.979949561	183.1025978
-0.568285882	-0.968438722	183.2025978
-0.56730777	-0.957276163	183.3025978
-0.566300988	-0.945276464	183.4025978
-0.565286338	-0.932169372	183.5024978
-0.564314008	-0.919508192	183.6023978
-0.563328385	-0.90854546	183.7023978
-0.562352419	-0.897566738	183.8023978
-0.561302185	-0.886405597	183.9023978
-0.560297489	-0.875534992	184.0023978
-0.559339345	-0.864831537	184.1022978
-0.558262765	-0.854134583	184.2021978
-0.557268739	-0.843435207	184.3021978
-0.556300163	-0.831721615	184.4021978
-0.55529654	-0.820232477	184.5021978
-0.554292977	-0.809815325	184.6021978
-0.553286195	-0.799263377	184.7021978
-0.552286208	-0.788818329	184.8020978
-0.551313996	-0.778410259	184.9019978
-0.550303042	-0.768226235	185.0019978
-0.549287736	-0.758006393	185.1019978
-0.548294783	-0.747831196	185.2019978
-0.54729861	-0.737806591	185.3019978
-0.546215594	-0.726811162	185.4018978
-0.545317948	-0.717097815	185.5017978
-0.544267654	-0.707296185	185.6017978
-0.543305457	-0.697391292	185.7017978
-0.54228276	-0.687814469	185.8017978
-0.541296184	-0.678407747	185.9017977
-0.540315449	-0.668669036	186.0016977
-0.539293289	-0.659045712	186.1015977
-0.538282216	-0.649572863	186.2015977
-0.537253201	-0.640051711	186.3015977
-0.536322773	-0.630549254	186.4015977
-0.535294831	-0.620935784	186.5015977
-0.534264684	-0.611515601	186.6015977
-0.533317327	-0.601700591	186.7013977
-0.532306314	-0.592438393	186.8013977
-0.531312227	-0.58322452	186.9013977
-0.53031075	-0.573798059	187.0013977
-0.529300869	-0.564834598	187.1013977
-0.528322697	-0.555778626	187.2013977
-0.527297437	-0.546575529	187.3012977
-0.526346326	-0.537496467	187.4011977
-0.525311947	-0.528540271	187.5011977
-0.524305165	-0.519345405	187.6011977
-0.523341894	-0.510268279	187.7011977
-0.522325635	-0.501217409	187.8011977
-0.521324098	-0.492229248	187.9010977
-0.520314157	-0.483248889	188.0009977
-0.519289374	-0.474175916	188.1009977
-0.518340945	-0.465403778	188.2009977
-0.517297029	-0.456590835	188.3009977
-0.516129017	-0.447754726	188.4159977
-0.515018225	-0.438785244	188.5308977
-0.514016807	-0.430038053	188.6307977
-0.513011098	-0.421318906	188.7307977
-0.512037218	-0.412640073	188.8307977
-0.511041045	-0.403894473	188.9307977
-0.510025799	-0.39522257	189.0307977
-0.509018421	-0.386675961	189.1306977
-0.508009136	-0.378002575	189.2305977
-0.507021427	-0.369581689	189.3305977
-0.506011426	-0.361106014	189.4305977
-0.504990876	-0.352567851	189.5305977
-0.5040043	-0.344241149	189.6305977
-0.503039956	-0.336078851	189.7305977
-0.502019405	-0.327578606	189.8303977
-0.501019001	-0.319243764	189.9303977
-0.500033438	-0.310972222	190.0303977
-0.49902454	-0.302619845	190.1303977
-0.498047471	-0.294351126	190.2303977
-0.496995062	-0.286017903	190.3303977
-0.496001422	-0.27788532	190.4302977
-0.495036691	-0.269668971	190.5301977
-0.494056433	-0.261620913	190.6301977
-0.492998749	-0.253642896	190.7301977
-0.492003649	-0.245564064	190.8301977
-0.490998983	-0.237794502	190.9301977
-0.490018815	-0.23003295	191.0300977
-0.48900032	-0.222018069	191.1299977
-0.488005191	-0.214222017	191.2299977
-0.487016469	-0.206487693	191.3299977
-0.486016065	-0.198699868	191.4299977
-0.485029429	-0.191016891	191.5299977
-0.48399049	-0.183216259	191.6298977
-0.483033955	-0.175615024	191.7297977
-0.482059032	-0.168085202	191.8297977
-0.480962038	-0.160666507	191.9297977
-0.479930878	-0.153232587	192.0297977
-0.479017437	-0.145801933	192.1297977
-0.478037238	-0.138772819	192.2297977
-0.477030456	-0.13162822	192.3295977
-0.475982338	-0.124344493	192.4295977
-0.475049794	-0.117274211	192.5295977
-0.474027157	-0.110274952	192.6295977
-0.473040491	-0.10317551	192.7295977
-0.472056001	-0.096278723	192.8295977
-0.471049905	-0.089372073	192.9294977
-0.470028698	-0.08252976	193.0293977
-0.469029278	-0.075809526	193.1293977
-0.468011945	-0.069221043	193.2293977
-0.467031747	-0.062624099	193.3293977
-0.466020703	-0.056089072	193.4293977
-0.465022534	-0.049969394	193.5292977
-0.463908494	-0.042623615	193.6441977
-0.46274367	-0.035500739	193.7591977
-0.461737961	-0.029286248	193.8591977
-0.460739672	-0.023164477	193.9591977
-0.459747702	-0.017008763	194.0591977
-0.458692193	-0.010855521	194.1590976
-0.457746893	-0.004865339	194.2589976
-0.456679702	0.001057008	194.3589976
-0.455711126	0.006801245	194.4589976
-0.45469588	0.012499285	194.5589976
-0.453711331	0.018285508	194.6589976
-0.452713668	0.02373722	194.7588976
-0.451731801	0.029186642	194.8587976
-0.450716525	0.034742669	194.9587976
-0.449705482	0.040157151	195.0587976
-0.448695511	0.045453289	195.1587976
-0.447740763	0.050796172	195.2587976
-0.446721256	0.056084165	195.3587976
-0.44573909	0.061385626	195.4586976
-0.444729984	0.066504879	195.5585976
-0.443710476	0.071655043	195.6585976
-0.442704767	0.076601831	195.7585976
-0.441736192	0.081520268	195.8585976
-0.440710336	0.086468345	195.9585976
-0.439723551	0.091090834	196.0584976
-0.438740253	0.09569211	196.1583976
-0.437713325	0.10051615	196.2583976
-0.436706573	0.105091399	196.3583976
-0.435560048	0.110520896	196.4733976
-0.434435278	0.115849104	196.5883976
-0.43340677	0.120412659	196.6882976
-0.43245247	0.124937096	196.7881976
-0.431412816	0.12941276	196.8881976
-0.430432588	0.133683937	196.9881976
-0.429414123	0.13794246	197.0881976
-0.428422213	0.142262097	197.1881976
-0.427403957	0.146402065	197.2880976
-0.42641291	0.150318041	197.3879976
-0.425457031	0.154448626	197.4879976
-0.424441814	0.158470702	197.5879976
-0.423450977	0.162396523	197.6879976
-0.422427177	0.166303081	197.7879976
-0.421396762	0.170162576	197.8878976
-0.420416832	0.174076148	197.9877976
-0.419383585	0.177757333	198.0877976
-0.418415993	0.18146868	198.1877976
-0.417386979	0.185016743	198.2877976
-0.416398287	0.188511139	198.3877976
-0.415416956	0.192112631	198.4877976
-0.414397776	0.195410841	198.5876976
-0.413425684	0.19856579	198.6875976
-0.412436932	0.201943358	198.7875976
-0.411448151	0.205209512	198.8875976
-0.410444617	0.208416382	198.9875976
-0.409456968	0.211597286	199.0875976
-0.408404469	0.214763264	199.1874976
-0.40741685	0.217961094	199.2873976
-0.406437635	0.220977977	199.3873976
-0.405428797	0.223924643	199.4873976
-0.404418886	0.226809698	199.5873976
-0.403424799	0.229637892	199.6873976
-0.40241757	0.232571543	199.7872976
-0.401417643	0.235194393	199.8871976
-0.40043211	0.237742802	199.9871976
-0.399428517	0.24056329	200.0871976
-0.398439735	0.243231748	200.1871976
-0.39744252	0.245788892	200.2871976
-0.396439761	0.248502224	200.3870976
-0.395407766	0.25113287	200.4869976
-0.394423306	0.253793053	200.5869976
-0.393430352	0.256428364	200.6869976
-0.392400205	0.259033649	200.7869976
-0.391436934	0.261485839	200.8869976
-0.390423775	0.264005401	200.9869976
-0.389377058	0.26661229	201.0868976
-0.388434649	0.268830932	201.1867976
-0.387393922	0.271625632	201.2867976
-0.3864232	0.274257235	201.3867976
-0.385414332	0.276660523	201.4867976
-0.384440422	0.279080839	201.5867976
-0.383447468	0.281651551	201.6866976
-0.382436424	0.284123656	201.7865976
-0.381415904	0.28670054	201.8865976
-0.380386829	0.289137635	201.9865976
-0.379398078	0.291568553	202.0865976
-0.378362715	0.293928951	202.1865976
-0.377404034	0.296384905	202.2864976
-0.376395822	0.298874804	202.3863975
-0.375428289	0.300979487	202.4863975
-0.374398202	0.303386236	202.5863975
-0.373442352	0.305891607	202.6863975
-0.372411191	0.308308874	202.7863975
-0.371379972	0.310716386	202.8863975
-0.370415658	0.313301476	202.9861975
-0.36938557	0.315766401	203.0861975
-0.368402153	0.3182494	203.1861975
-0.367421865	0.3208296	203.2861975
-0.366431057	0.323287065	203.3861975
-0.36542958	0.325746959	203.4861975
-0.364402056	0.328358656	203.5860975
-0.363397956	0.33086813	203.6859975
-0.36239332	0.333107923	203.7859975
-0.361405641	0.335779538	203.8859975
-0.360416949	0.338428164	203.9859975
-0.359402716	0.341087242	204.0859975
-0.358394802	0.34382149	204.1858975
-0.357408285	0.346650013	204.2857975
-0.356432289	0.349475558	204.3857975
-0.355413824	0.352172649	204.4857975
-0.354398578	0.354960129	204.5857975
-0.353409827	0.357630857	204.6857975
-0.352378309	0.360279994	204.7856975
-0.351380438	0.363167392	204.8855975
-0.350394845	0.365845602	204.9855975
-0.349416703	0.368395817	205.0855975
-0.348399311	0.371371966	205.1855975
-0.347393662	0.374255818	205.2855975
-0.346361369	0.377125525	205.3855975
-0.345421612	0.380157945	205.4854975
-0.344413608	0.383217085	205.5853975
-0.343387723	0.386283781	205.6853975
-0.342416018	0.389349036	205.7853975
-0.341442078	0.392474756	205.8853975
-0.340441704	0.395531609	205.9853975
-0.339362353	0.398713324	206.0852975
-0.338401616	0.401960902	206.1851975
-0.337450027	0.404969033	206.2851975
-0.336400837	0.408001022	206.3851975
-0.335418433	0.411393573	206.4851975
-0.334415913	0.414708103	206.5851975
-0.333433777	0.418026998	206.6850975
-0.332433134	0.4215594	206.7849975
-0.331453979	0.425013686	206.8849975
-0.330411106	0.428719269	206.9849975
-0.329411805	0.43232383	207.0849975
-0.328411371	0.435944018	207.1849975
-0.32742238	0.43958527	207.2848975
-0.326429635	0.443301354	207.3847975
-0.325373054	0.447110404	207.4847975
-0.324401259	0.450638774	207.5847975
-0.323409319	0.454331706	207.6847975
-0.322399408	0.458300093	207.7847975
-0.321422309	0.462240022	207.8847975
-0.320432633	0.466567751	207.9846975
-0.319387555	0.470573549	208.0845975
-0.318424284	0.474556109	208.1845975
-0.317401618	0.47862781	208.2845975
-0.316409707	0.482805388	208.3845975
-0.315411419	0.486923081	208.4845975
-0.314410627	0.491041134	208.5844975
-0.313402086	0.495284914	208.6843975
-0.312367767	0.499526726	208.7843975
-0.311446875	0.503545539	208.8843975
-0.310427427	0.507840449	208.9843975
-0.309383512	0.512314022	209.0843975
-0.30843237	0.516719464	209.1842975
-0.307447404	0.521122653	209.2841975
-0.306382269	0.525728751	209.3841975
-0.305442363	0.530216261	209.4841975
-0.304392099	0.534776686	209.5841975
-0.303418219	0.539491717	209.6841975
-0.302379459	0.544058028	209.7840975
-0.301416337	0.548752073	209.8839975
-0.300374568	0.553523724	209.9839975
-0.299432516	0.558258515	210.0839975
-0.298413008	0.562740455	210.1839975
-0.297405183	0.567650911	210.2839975
-0.29637295	0.572577669	210.3839975
-0.295433372	0.577437561	210.4838975
-0.294411391	0.582530856	210.5837975
-0.293405682	0.587911479	210.6837974
-0.29241693	0.592989882	210.7837974
-0.291430324	0.598013598	210.8837974
-0.290403426	0.603141587	210.9837974
-0.289424121	0.608242467	211.0836974
-0.288428068	0.613262455	211.1835974
-0.287437201	0.618547633	211.2835974
-0.28643465	0.623572473	211.3835974
-0.285386503	0.628530789	211.4835974
-0.284370184	0.633793037	211.5835974
-0.283333272	0.639075588	211.6834974
-0.282334387	0.644379482	211.7833974
-0.281349868	0.649793276	211.8833974
-0.280355841	0.655277728	211.9833974
-0.27936393	0.660904834	212.0833974
-0.27837944	0.666176096	212.1833974
-0.277362049	0.671520906	212.2833974
-0.276424259	0.676804322	212.3831974
-0.275325179	0.682172517	212.4831974
-0.274359763	0.687553357	212.5831974
-0.273375273	0.692771967	212.6831974
-0.272334576	0.697972957	212.7831974
-0.271452963	0.703147118	212.8831974
-0.270395786	0.707046777	212.9830974
-0.26944688	0.712539282	213.0829974
-0.268370092	0.718237298	213.1829974
-0.267356932	0.723738138	213.2829974
-0.266338527	0.729321748	213.3829974
-0.265321136	0.734936971	213.4829974
-0.264403641	0.740406839	213.5828974
-0.263382882	0.746282616	213.6827974
-0.262372941	0.751797586	213.7827974
-0.261299342	0.757463734	213.8827974
-0.260400772	0.762696388	213.9827974
-0.25941205	0.768188958	214.0827974
-0.258384734	0.773858407	214.1826974
-0.25739637	0.77932797	214.2825974
-0.256432027	0.784783646	214.3825974
-0.255353123	0.790439988	214.4825974
-0.254413188	0.795974213	214.5825974
-0.253408521	0.801773053	214.6825974
-0.252374202	0.807771453	214.7825974
-0.251346618	0.813215073	214.8824974
-0.250347912	0.81868001	214.9823974
-0.249335855	0.824187679	215.0823974
-0.248336494	0.829694776	215.1823974
-0.24734883	0.834884134	215.2823974
-0.246406764	0.840278057	215.3823974
-0.245408222	0.845872587	215.4822974
-0.244463235	0.851349739	215.5821974
-0.243451178	0.856828666	215.6821974
-0.242446527	0.862469462	215.7821974
-0.24145247	0.868005358	215.8821974
-0.240422383	0.873604628	215.9821974
-0.239449725	0.879223027	216.0820974
-0.238496885	0.884710508	216.1819974
-0.237472087	0.890255193	216.2819974
-0.236422852	0.895951959	216.3819974
-0.235459596	0.901482244	216.4819974
-0.23447828	0.906816948	216.5819974
-0.233485132	0.912437253	216.6818974
-0.232461587	0.918100556	216.7817974
-0.231479183	0.923767684	216.8817974
-0.230458632	0.929458823	216.9817974
-0.22946991	0.935233623	217.0817974
-0.228449345	0.941119768	217.1817974
-0.227425575	0.94685915	217.2817974
-0.226444602	0.952762222	217.3816974
-0.22544919	0.95857928	217.4815974
-0.224455133	0.964627189	217.5815974
-0.223450512	0.970560268	217.6815974
-0.222455397	0.97628161	217.7815974
-0.221480444	0.981958164	217.8815974
-0.220508337	0.98794749	217.9814974
-0.219457373	0.993900208	218.0813974
-0.218489826	0.99982528	218.1813974
-0.217483088	1.005875573	218.2813974
-0.216464639	1.011938001	218.3813974
-0.215451494	1.0181593	218.4813974
-0.214449316	1.024263871	218.5812974
-0.213374272	1.030573814	218.6811974
-0.212414205	1.036733182	218.7811974
-0.211366057	1.04288484	218.8811973
-0.210400686	1.049217123	218.9811973
-0.209401339	1.055299767	219.0811973
-0.208405152	1.061451755	219.1811973
-0.207372934	1.06798359	219.2809973
-0.206383124	1.074415055	219.3809973
-0.205384836	1.080761064	219.4809973
-0.204381257	1.087118945	219.5809973
-0.203395709	1.093425073	219.6809973
-0.202240229	1.103154003	219.7958973
-0.201096803	1.111397524	219.9107973
-0.20014517	1.117556696	220.0107973
-0.199153274	1.124105799	220.1107973
-0.198081776	1.131467837	220.2107973
-0.197062284	1.13825902	220.3107973
-0.196193427	1.143734709	220.4107973
-0.195145667	1.15050935	220.5106973
-0.194167137	1.157329327	220.6105973
-0.193163559	1.16413163	220.7105973
-0.192182258	1.171025533	220.8105973
-0.191213667	1.177840465	220.9105973
-0.190189928	1.184653307	221.0105973
-0.189196825	1.191413277	221.1104973
-0.188198656	1.198436632	221.2103973
-0.187184468	1.205226437	221.3103973
-0.186202094	1.212211611	221.4103973
-0.185171992	1.219146807	221.5103973
-0.184187502	1.226013047	221.6103973
-0.183159977	1.232788317	221.7102973
-0.182207897	1.239801368	221.8101973
-0.181150198	1.246951436	221.9101973
-0.180183753	1.253870129	222.0101973
-0.179198191	1.260862983	222.1101973
-0.17816174	1.268019636	222.2101973
-0.177181467	1.275208988	222.3101973
-0.176213965	1.282382633	222.4099973
-0.175207183	1.289492343	222.5099973
-0.17420359	1.296148378	222.6099973
-0.17319046	1.302864449	222.7099973
-0.17221868	1.310036218	222.8099973
-0.171223596	1.316970741	222.9099973
-0.170201465	1.323742775	223.0098973
-0.169225991	1.330804965	223.1097973
-0.168212816	1.337650184	223.2097973
-0.167186946	1.344674602	223.3097973
-0.16621311	1.351697793	223.4097973
-0.165252998	1.35858868	223.5097973
-0.164228156	1.365674529	223.6096973
-0.16323413	1.372531212	223.7095973
-0.162241161	1.379605759	223.8095973
-0.161221668	1.386477807	223.9095973
-0.160225511	1.393255673	224.0095973
-0.15926753	1.400223529	224.1095973
-0.158218965	1.406808132	224.2094973
-0.157224283	1.413521451	224.3093973
-0.156227067	1.420257179	224.4093973
-0.155210733	1.427028348	224.5093973
-0.154196545	1.433638533	224.6093973
-0.153199315	1.440530532	224.7093973
-0.152249843	1.44713406	224.8093973
-0.151232779	1.453987432	224.9092973
-0.150240555	1.460590437	225.0091973
-0.149229541	1.467036321	225.1091973
-0.148245037	1.47341698	225.2091973
-0.147221282	1.479983428	225.3091973
-0.146238938	1.486497453	225.4091973
-0.145211697	1.49282385	225.5090973
-0.144285873	1.499197315	225.6089973
-0.143233478	1.505701748	225.7089973
-0.142218202	1.51210731	225.8089973
-0.1412507	1.518368536	225.9089973
-0.140217394	1.52487546	226.0089973
-0.139276445	1.531228231	226.1088973
-0.138236746	1.53766435	226.2087973
-0.137248009	1.543994076	226.3087973
-0.136267751	1.550325722	226.4087973
-0.135235533	1.556484094	226.5087973
-0.134236187	1.562706003	226.6087973
-0.133236557	1.568837552	226.7086973
-0.132297963	1.574645599	226.8085973
-0.131249815	1.58078344	226.9085973
-0.130228192	1.586968489	227.0085973
-0.129227772	1.592900589	227.1085973
-0.128253907	1.598840753	227.2085972
-0.127257749	1.604737242	227.3085972
-0.126255557	1.61077909	227.4084972
-0.125243142	1.616609974	227.5083972
-0.124251224	1.622364229	227.6083972
-0.123223238	1.628005738	227.7083972
-0.122238733	1.633636295	227.8083972
-0.121213928	1.639267503	227.9083972
-0.12024194	1.644642273	228.0082972
-0.119248137	1.649898821	228.1081972
-0.118244544	1.655334741	228.2081972
-0.117255822	1.660756202	228.3081972
-0.116245858	1.66566675	228.4081972
-0.115215749	1.670623148	228.5081972
-0.114246488	1.675795534	228.6080972
-0.113257371	1.680858072	228.7079972
-0.112263329	1.68576876	228.8079972
-0.111227915	1.690686771	228.9079972
-0.11026676	1.695453006	229.0079972
-0.109209076	1.700282008	229.1079972
-0.108250044	1.705199053	229.2079972
-0.107213564	1.710001767	229.3077972
-0.106336229	1.71447091	229.4077972
-0.105261564	1.719137473	229.5077972
-0.104249485	1.723802775	229.6077972
-0.103255428	1.728280161	229.7077972
-0.102273069	1.732899396	229.8077972
-0.10125725	1.737431735	229.9076972
-0.100244664	1.742013041	230.0075972
-0.099249579	1.746570788	230.1075972
-0.098260842	1.750938427	230.2075972
-0.097298622	1.755425312	230.3075972
-0.096233509	1.759886669	230.4075972
-0.095233113	1.764292425	230.5074972
-0.094249666	1.768620435	230.6073972
-0.093297005	1.772832668	230.7073972
-0.092239313	1.77732616	230.8073972
-0.091311045	1.781996938	230.9073972
-0.090269268	1.786445336	231.0073972
-0.089260027	1.791084424	231.1072972
-0.088270575	1.795697105	231.2071972
-0.087253198	1.800195247	231.3071972
-0.086271882	1.804845042	231.4071972
-0.085255563	1.809534645	231.5071972
-0.084283806	1.813971429	231.6071972
-0.083291888	1.818525124	231.7071972
-0.082270265	1.823038957	231.8069972
-0.081282593	1.827321373	231.9069972
-0.080292791	1.831975539	232.0069972
-0.079289205	1.836642066	232.1069972
-0.07831002	1.841271829	232.2069972
-0.077258691	1.845920954	232.3069972
-0.07627587	1.850594032	232.4068972
-0.075256817	1.855449829	232.5067972
-0.074235193	1.860401226	232.6067972
-0.073260255	1.865389043	232.7067972
-0.072271511	1.870163154	232.8067972
-0.071259432	1.874879392	232.9067972
-0.070250951	1.879873131	233.0066972
-0.069266059	1.8845834	233.1065972
-0.068277322	1.889167875	233.2065972
-0.067298129	1.894335948	233.3065972
-0.066282868	1.899341052	233.4065972
-0.065286711	1.90429112	233.5065972
-0.064309239	1.908995578	233.6064972
-0.063268922	1.914007002	233.7063972
-0.062295046	1.918885447	233.8063972
-0.061269172	1.923760212	233.9063972
-0.060263466	1.928885408	234.0063972
-0.059276849	1.933702014	234.1063972
-0.05830403	1.938531945	234.2063972
-0.057234742	1.943344655	234.3062972
-0.056273516	1.947633468	234.4061972
-0.055285838	1.952135318	234.5061972
-0.054272704	1.956896473	234.6061972
-0.053312615	1.961476724	234.7061972
-0.052298419	1.966052216	234.8061972
-0.051296648	1.970526595	234.9060972
-0.050266843	1.975187495	235.0059972
-0.049295075	1.979702463	235.1059972
-0.048256479	1.984014828	235.2059972
-0.047245465	1.988315848	235.3059972
-0.046262037	1.992588423	235.4059971
-0.045273744	1.996710008	235.5058971
-0.044258039	2.001039039	235.6057971
-0.04330219	2.004986116	235.7057971
-0.042267837	2.00870988	235.8057971
-0.041270614	2.01266988	235.9057971
-0.040299919	2.0166264	236.0057971
-0.039308999	2.020329025	236.1056971
-0.038268335	2.024329954	236.2055971
-0.037280664	2.028194604	236.3055971
-0.03625267	2.034820034	236.4055971
-0.035305314	2.039115204	236.5055971
-0.034288991	2.042312405	236.6055971
-0.033283282	2.045365981	236.7055971
-0.032267157	2.048363667	236.8054971
-0.031257015	2.05121274	236.9053971
-0.030251302	2.053772688	237.0053971
-0.029288027	2.056328512	237.1053971
-0.028268527	2.059100113	237.2053971
-0.027273428	2.06169126	237.3053971
-0.026282676	2.064197798	237.4052971
-0.025291711	2.066526953	237.5051971
-0.024317827	2.068694327	237.6051971
-0.02330363	2.071103882	237.7051971
-0.022276705	2.073220088	237.8051971
-0.021278419	2.075268814	237.9051971
-0.020299708	2.077185457	238.0050971
-0.019236235	2.07902237	238.1049971
-0.01828463	2.080723552	238.2049971
-0.017306505	2.082121829	238.3049971
-0.016298674	2.083414549	238.4049971
-0.015274927	2.084963077	238.5049971
-0.01426073	2.086353553	238.6049971
-0.013270934	2.087780658	238.7047971
-0.012279016	2.089147741	238.8047971
-0.011244662	2.090150589	238.9047971
-0.010273959	2.091134838	239.0047971
-0.009268251	2.091718685	239.1047971
-0.008320889	2.092665605	239.2047971
-0.007275426	2.093643733	239.3046971
-0.006258548	2.094372993	239.4045971
-0.005283603	2.095047212	239.5045971
-0.004299111	2.095453702	239.6045971
-0.003301888	2.096119706	239.7045971
-0.00230997	2.096742218	239.8045971
-0.001374708	2.097199882	239.8994971
-0.000855509	2.097811143	239.9451971
