-1.003644228	0.013934843	0
-1.002584338	0.012981774	21.99879479
-1.000654101	0.011779503	61.99478531
-0.998604774	0.010960182	101.9906759
-0.996606529	0.010329481	141.9877664
-0.994605064	0.009830079	181.9850569
-0.992605686	0.009390114	221.9823475
-0.99060744	0.009066355	261.978838
-0.988584697	0.008758306	301.9753286
-0.986598194	0.008514739	341.9718191
-0.984584928	0.00829395	381.9685096
-0.982562363	0.008087804	421.9658002
-0.980557621	0.007910161	461.9622907
-0.978589177	0.007780173	501.9587813
-0.976619482	0.007663922	541.9552718
-0.974604309	0.007555116	581.9520623
-0.972642004	0.007451265	621.9492529
-0.970591724	0.007338544	661.9458434
-0.968633831	0.007284555	701.9422339
-0.966551661	0.007242603	741.9388245
-0.964599013	0.007231301	781.935415
-0.962572217	0.007160893	821.9328056
-0.960581183	0.007105392	861.9291961
-0.958585203	0.007056848	901.9257866
-0.956558108	0.007024313	941.9221772
-0.95456624	0.006964284	981.9189677
-0.952616811	0.00692204	1021.915558
-0.950602531	0.006922126	1061.912749
-0.948650002	0.006898514	1101.909139
-0.946659148	0.006854519	1141.90573
-0.944598258	0.006841785	1181.90232
-0.942635	0.006829938	1221.899111
-0.940663218	0.006829672	1261.896101
-0.938616157	0.006824052	1301.892692
-0.936604083	0.006803471	1341.889083
-0.934556961	0.006772895	1381.885873
-0.932574689	0.006766611	1421.882464
-0.930629373	0.006750764	1461.879654
-0.928613126	0.006744098	1501.876045
-0.926651955	0.006697609	1541.872635
-0.924636722	0.006671338	1581.869226
-0.922627807	0.006673734	1621.866016
-0.920621157	0.006678103	1661.862407
-0.918627024	0.006667543	1701.859597
-0.916609645	0.006675762	1741.855988
-0.914610386	0.006673883	1781.852779
-0.912579119	0.006635119	1821.849369
-0.910587311	0.006628996	1861.84596
-0.90861243	0.006629905	1901.84305
-0.906628966	0.006626347	1941.839541
-0.904597819	0.006612798	1981.836231
-0.90258044	0.006590908	2021.832922
-0.900652289	0.006557471	2061.829412
-0.898617804	0.006577547	2101.826503
-0.896639645	0.006577383	2141.822993
-0.894644499	0.006571023	2181.819684
-0.892650604	0.006546089	2221.816374
-0.890639603	0.006541638	2261.812865
-0.888611674	0.006566852	2301.809956
-0.886570811	0.006540281	2341.806446
-0.884637415	0.006534968	2381.803137
-0.882653832	0.006531623	2421.799827
-0.880619526	0.006509585	2461.796318
-0.878579915	0.006517617	2501.793408
-0.876620889	0.006501002	2541.789999
-0.874629974	0.00648527	2581.786589
-0.872622192	0.006474874	2621.78338
-0.870654762	0.006459808	2661.77977
-0.868624628	0.006448315	2701.776961
-0.866651833	0.006427957	2741.773351
-0.864631295	0.006405979	2781.770142
-0.862585187	0.006409236	2821.766733
-0.860603929	0.006396014	2861.763323
-0.8585971	0.006397663	2901.760314
-0.856600881	0.006386086	2941.756904
-0.854621887	0.006378889	2981.753495
-0.85258323	0.006365042	3021.750285
-0.85059762	0.006334543	3061.746676
-0.84863019	0.006318978	3101.743866
-0.846616924	0.006308018	3141.740257
-0.844655931	0.006287271	3181.737047
-0.842645943	0.006273511	3221.733638
-0.840641379	0.006248269	3261.730228
-0.838628173	0.006233266	3301.727219
-0.836592674	0.006258795	3341.72381
-0.834624231	0.006240819	3381.7204
-0.832611024	0.006213418	3421.717191
-0.830585241	0.006186288	3461.713581
-0.828597546	0.006165868	3501.710772
-0.826606631	0.00615145	3541.707162
-0.824611664	0.006129697	3581.703953
-0.822605908	0.006107508	3621.700543
-0.820573747	0.006101649	3661.697134
-0.818625271	0.006084656	3701.694124
-0.816648304	0.006039364	3741.690715
-0.814629912	0.006036449	3781.687305
-0.812577367	0.006022354	3821.684096
-0.810624838	0.006011044	3861.680587
-0.808648765	0.0059997	3901.677677
-0.806612313	0.005969735	3941.674168
-0.804599166	0.005966188	3981.670858
-0.802625239	0.005961636	4021.667549
-0.800589979	0.005942648	4061.664039
-0.798651099	0.005897463	4101.66113
-0.796656966	0.005901707	4141.65762
-0.794652402	0.005895874	4181.654311
-0.792624295	0.005870146	4221.651001
-0.790643156	0.005841736	4261.647492
-0.788618207	0.005833185	4301.644582
-0.786634803	0.005828591	4341.641173
-0.784641862	0.005821133	4381.637764
-0.782602191	0.005823108	4421.634554
-0.780614555	0.005788424	4461.630945
-0.778621554	0.005751479	4501.628135
-0.776601017	0.005737323	4541.624526
-0.774610162	0.005735271	4581.621316
-0.772665977	0.005712147	4621.617907
-0.770643353	0.005698932	4661.614497
-0.768661022	0.005683648	4701.610888
-0.766620219	0.005678318	4741.608078
-0.764668643	0.005661241	4781.604669
-0.762640655	0.005645983	4821.601459
-0.760616958	0.005636831	4861.59785
-0.758594275	0.005621734	4901.594441
-0.756628871	0.005602988	4941.591431
-0.754557371	0.005599898	4981.588222
-0.752583504	0.005582101	5021.584812
-0.750608563	0.005572829	5061.581403
-0.748636901	0.005566959	5101.577793
-0.746664047	0.005540423	5141.574984
-0.744626522	0.005517668	5181.571574
-0.742625058	0.005510498	5221.568365
-0.740657568	0.005506357	5261.564755
-0.738632739	0.005499169	5301.561346
-0.736634612	0.005483929	5341.557736
-0.734607577	0.005497043	5381.555127
-0.732607186	0.005495718	5421.551718
-0.730651319	0.005481567	5461.548308
-0.728602171	0.005477874	5501.544699
-0.726596475	0.005449534	5541.541289
-0.724603415	0.005439464	5581.53848
-0.72261256	0.005419308	5621.53527
-0.720632434	0.005409398	5661.531761
-0.718621314	0.005426117	5701.528251
-0.716635942	0.00542524	5741.524742
-0.714660883	0.005413642	5781.522032
-0.7126562	0.0054003	5821.518723
-0.710653782	0.005389665	5861.515213
-0.708636403	0.005403102	5901.511704
-0.706654131	0.005394387	5941.508195
-0.704648376	0.005389479	5981.505485
-0.702592731	0.005368814	6021.502176
-0.700609326	0.005362291	6061.498666
-0.698579133	0.0053548	6101.495157
-0.696616054	0.005341425	6141.491647
-0.694656968	0.005351297	6181.488938
-0.692641675	0.0053401	6221.485628
-0.690666735	0.005338021	6261.482119
-0.688681185	0.005344934	6301.478709
-0.686649024	0.005339079	6341.4751
-0.684650719	0.00531805	6381.472491
-0.682609975	0.005324488	6421.469081
-0.680620193	0.005320676	6461.465672
-0.678619802	0.005318748	6501.462062
-0.676614165	0.005310366	6541.458653
-0.674646676	0.00529656	6581.455843
-0.672580361	0.005295296	6621.452634
-0.670621395	0.005284009	6661.449024
-0.668631613	0.005278768	6701.445615
-0.666631281	0.005275883	6741.442005
-0.664643526	0.005279335	6781.439396
-0.662614524	0.005261984	6821.435986
-0.660652339	0.005259043	6861.432577
-0.658620059	0.005262844	6901.428968
-0.656583548	0.005256911	6941.425558
-0.654636264	0.005249438	6981.422749
-0.652632654	0.005236201	7021.419539
-0.650622785	0.005241744	7061.41593
-0.64860642	0.005225123	7101.41252
-0.646623015	0.005216789	7141.408911
-0.644656539	0.005201999	7181.406301
-0.642651916	0.00520018	7221.402892
-0.640664279	0.005194779	7261.399482
-0.638638437	0.005195369	7301.395873
-0.6366359	0.005187478	7341.392463
-0.634682178	0.005173766	7381.389654
-0.632621288	0.005182368	7421.386445
-0.630623102	0.005179569	7461.382935
-0.628601372	0.005157784	7501.379426
-0.626638234	0.005154557	7541.375916
-0.624605954	0.005146177	7581.373207
-0.62263304	0.005131278	7621.369897
-0.620635927	0.00512504	7661.366388
-0.618637681	0.005113381	7701.362878
-0.616654158	0.005108855	7741.359369
-0.614606082	0.005107357	7781.356659
-0.612628996	0.00509961	7821.35335
-0.610675395	0.005096904	7861.34984
-0.608642042	0.005078841	7901.346331
-0.606666088	0.005081643	7941.342822
-0.604665637	0.005070906	7981.340112
-0.602626979	0.005052926	8021.336803
-0.600651026	0.005046336	8061.333293
-0.598611355	0.005038233	8101.329884
-0.596596181	0.005025835	8141.326274
-0.59465301	0.00501758	8181.323665
-0.592618585	0.00501347	8221.320255
-0.59067452	0.004995095	8261.316846
-0.588684738	0.004985784	8301.313236
-0.586650372	0.004989847	8341.309827
-0.584684014	0.004985311	8381.306417
-0.582647443	0.004983097	8421.303808
-0.580643952	0.004986381	8461.300199
-0.57861805	0.004966807	8501.296789
-0.576664329	0.004954394	8541.29318
-0.574622571	0.004939623	8581.28997
-0.572609305	0.004933879	8621.287161
-0.570611179	0.004933106	8661.283751
-0.568682909	0.004920853	8701.280142
-0.566619933	0.004920747	8741.276732
-0.564683139	0.004921914	8781.273323
-0.562667906	0.004917408	8821.270713
-0.560631454	0.004905997	8861.267104
-0.558663845	0.004906726	8901.263694
-0.556656122	0.004901589	8941.260085
-0.554649353	0.00489245	8981.256876
-0.552667022	0.004882759	9021.253466
-0.550649583	0.004873927	9061.250657
-0.548650265	0.004865509	9101.247047
-0.546626568	0.00485529	9141.243638
-0.544615567	0.004845746	9181.240228
-0.54266715	0.004835431	9221.237019
-0.540648699	0.004833296	9261.234009
-0.538633406	0.004825823	9301.2306
-0.536702096	0.004813643	9341.22709
-0.534614623	0.004813585	9381.223781
-0.532663047	0.004811482	9421.220471
-0.530612767	0.004811395	9461.217562
-0.528643191	0.004817508	9501.214053
-0.526637435	0.004813087	9541.210543
-0.52462852	0.004798375	9581.207234
-0.522622824	0.004790812	9621.203924
-0.520617127	0.004781751	9661.201015
-0.518628418	0.004780918	9701.197505
-0.516694963	0.004764253	9741.193996
-0.514645755	0.004765539	9781.190686
-0.512666583	0.004767948	9821.187377
-0.510607779	0.004763414	9861.184467
-0.508641243	0.004760218	9901.181058
-0.506631315	0.004749142	9941.177448
-0.504646897	0.004750378	9981.173939
-0.502640128	0.004752528	10021.17023
-0.500621676	0.004742416	10061.16742
-0.49861905	0.004739099	10101.16381
-0.496605963	0.004736528	10141.1604
-0.494648069	0.004733654	10181.15699
-0.492664635	0.004726329	10221.15408
-0.49066326	0.004719054	10261.15107
-0.488681883	0.004725796	10301.14766
-0.486664534	0.004718218	10341.14405
-0.484645009	0.004720157	10381.14084
-0.482654214	0.004727128	10421.13743
-0.480655879	0.004718617	10461.13463
-0.478608787	0.004722254	10501.13102
-0.476610571	0.004719974	10541.12761
-0.474643052	0.004707972	10581.1242
-0.472630978	0.004704249	10621.12099
-0.470570087	0.00470743	10661.11798
-0.46863544	0.004709306	10701.11457
-0.466666907	0.004697476	10741.11096
-0.464679241	0.004700158	10781.10775
-0.462643862	0.004704162	10821.10434
-0.460663617	0.004708472	10861.10123
-0.458683401	0.00470547	10901.09792
-0.45665434	0.004701472	10941.09451
-0.454648614	0.004703936	10981.0911
-0.452642947	0.004710132	11021.08789
-0.450691342	0.004697746	11061.08458
-0.448671788	0.004696826	11101.08147
-0.446605623	0.004704369	11141.07796
-0.444631726	0.004701077	11181.07466
-0.442644089	0.004701068	11221.07135
-0.440668106	0.004694412	11261.06814
-0.438642234	0.004694915	11301.06493
-0.436669439	0.004696513	11341.06142
-0.434661597	0.004699858	11381.05811
-0.4326379	0.004698698	11421.0548
-0.430631131	0.004699722	11461.05159
-0.428632826	0.004701422	11501.04838
-0.426630259	0.004701184	11541.04487
-0.424619287	0.004705153	11581.04156
-0.422626317	0.004709843	11621.03825
-0.420614272	0.004709448	11661.03504
-0.418601125	0.004707025	11701.03183
-0.416628331	0.004699004	11741.02832
-0.414640695	0.004698389	11781.02511
-0.412656218	0.004701034	11821.0217
-0.410673857	0.004703606	11861.01829
-0.408657551	0.0047059	11901.01528
-0.406651855	0.00469897	11941.01188
-0.404646128	0.00469956	11981.00847
-0.402634054	0.004702734	12021.00526
-0.400640041	0.004703246	12061.00165
-0.398650229	0.004710438	12100.99884
-0.396658361	0.004716542	12140.99523
-0.394631386	0.004715869	12180.99202
-0.392609775	0.004714424	12220.98861
-0.390700668	0.004713346	12260.9852
-0.388693899	0.004710739	12300.98219
-0.386691332	0.004709649	12340.97878
-0.384676099	0.004714804	12380.97537
-0.382659793	0.004715951	12420.97216
-0.380674273	0.004717943	12460.96855
-0.378667474	0.004723035	12500.96574
-0.376650125	0.004728383	12540.96213
-0.374625295	0.004725625	12580.95892
-0.372662097	0.004728381	12620.95551
-0.37067017	0.004725361	12660.95211
-0.368633687	0.004724861	12700.9488
-0.366615236	0.004727553	12740.94569
-0.364597857	0.004725428	12780.94228
-0.362696171	0.004723899	12820.93907
-0.360664994	0.004723373	12860.93546
-0.358693212	0.004722378	12900.93235
-0.356660962	0.004726698	12940.92914
-0.35467121	0.004731106	12980.92583
-0.352708012	0.004731645	13020.92242
-0.350661963	0.00473655	13060.91901
-0.348665774	0.00473525	13100.9158
-0.346651614	0.004740513	13140.91259
-0.344625682	0.004741648	13180.90928
-0.342664629	0.004742764	13220.90597
-0.340664208	0.004740056	13260.90246
-0.338683993	0.004741392	13300.89925
-0.336678267	0.004740373	13340.89604
-0.334690601	0.004742199	13380.89273
-0.332707196	0.004753393	13420.88943
-0.330647379	0.004750739	13460.88592
-0.328665048	0.004750863	13500.88271
-0.326676279	0.004752141	13540.8795
-0.32465148	0.004761504	13580.87629
-0.322645783	0.004758767	13620.87288
-0.320633709	0.004758998	13660.86947
-0.318623751	0.004764853	13700.86586
-0.316621214	0.004770188	13740.86305
-0.31468448	0.004773576	13780.85964
-0.312644869	0.004771766	13820.85643
-0.310648739	0.004774016	13860.85282
-0.308649361	0.004776774	13900.84941
-0.306644738	0.004778423	13940.8464
-0.304666609	0.004785575	13980.84319
-0.302659839	0.00478988	14020.83978
-0.300641447	0.004792937	14060.83637
-0.298675001	0.004796945	14100.83276
-0.296639532	0.004800714	14140.82996
-0.294679493	0.004803846	14180.82655
-0.29265362	0.004808988	14220.82334
-0.290658534	0.004814411	14260.81973
-0.288685739	0.004816827	14300.81632
-0.286692739	0.004815227	14340.81331
-0.284672171	0.004821998	14380.8101
-0.282700449	0.004828998	14420.80669
-0.280652255	0.00483461	14460.80328
-0.278696477	0.004840669	14500.79967
-0.276690751	0.004843045	14540.79656
-0.274684012	0.004855303	14580.79345
-0.272625268	0.004865184	14620.79024
-0.270614237	0.004872588	14660.78663
-0.268667996	0.004878467	14700.78322
-0.266641051	0.004884245	14740.78001
-0.264680952	0.004894313	14780.777
-0.262673169	0.004902909	14820.77359
-0.260667443	0.004904032	14860.77018
-0.258708388	0.004914617	14900.76668
-0.256698489	0.004924471	14940.76347
-0.254654557	0.004933602	14980.76026
-0.252645701	0.004945479	15020.75685
-0.250658035	0.004957278	15060.75334
-0.248647004	0.004971059	15100.74983
-0.246641278	0.004976243	15140.74662
-0.244652554	0.004986218	15180.74341
-0.242646873	0.005004163	15220.74
-0.240626305	0.005022063	15260.73679
-0.238699138	0.005031358	15300.73328
-0.236667961	0.00504284	15340.72997
-0.234678194	0.005056633	15380.72666
-0.232665077	0.005074859	15420.72325
-0.230665743	0.005090289	15460.71984
-0.228673831	0.005103689	15500.71643
-0.226640537	0.005120917	15540.71302
-0.224685758	0.005137502	15580.70981
-0.222659916	0.005161116	15620.70641
-0.220689222	0.005174818	15660.703
-0.218666539	0.005192858	15700.69959
-0.216659769	0.005214503	15740.69618
-0.214634955	0.005234565	15780.69297
-0.212628201	0.005254623	15820.68956
-0.210670248	0.005272296	15860.68615
-0.208650753	0.005295797	15900.68274
-0.206687495	0.005320077	15940.67933
-0.204615995	0.005345158	15980.67612
-0.202626228	0.005372038	16020.67271
-0.200651288	0.005397618	16060.6693
-0.198696509	0.005420715	16100.66589
-0.196637765	0.005450132	16140.66248
-0.194664955	0.005476208	16180.65927
-0.192692146	0.005500853	16220.65586
-0.190663099	0.005528671	16260.65245
-0.188658461	0.005558863	16300.64904
-0.186631531	0.005594234	16340.64563
-0.184702232	0.005625445	16380.64233
-0.182722002	0.005655157	16420.63902
-0.180653661	0.005689448	16460.63551
-0.178706333	0.005722817	16500.6323
-0.176656082	0.005759265	16540.62879
-0.174665228	0.005797735	16580.62548
-0.172664836	0.005838001	16620.62217
-0.170662299	0.005881577	16660.61866
-0.168629006	0.005921105	16700.61545
-0.166650921	0.005963614	16740.61194
-0.164632455	0.006006305	16780.60863
-0.162647992	0.006051628	16820.60532
-0.160610437	0.006099008	16860.60181
-0.158627018	0.006138552	16900.5986
-0.156642556	0.006187768	16940.59509
-0.154593334	0.006241208	16980.59178
-0.152653441	0.006298421	17020.58847
-0.150649861	0.006352048	17060.58506
-0.148660079	0.006401562	17100.58165
-0.146664977	0.006458829	17140.57825
-0.144606218	0.006516925	17180.57494
-0.14265357	0.006579738	17220.57163
-0.140642568	0.006639328	17260.56822
-0.138612464	0.006693993	17300.56481
-0.136679992	0.006762926	17340.5614
-0.134640336	0.0068343	17380.55799
-0.13266857	0.006894304	17420.55478
-0.130657569	0.006970918	17460.55137
-0.128625318	0.007051248	17500.54796
-0.126665264	0.007130745	17540.54455
-0.124650002	0.007209398	17580.54114
-0.122625194	0.0072893	17620.53793
-0.120638594	0.007374704	17660.53452
-0.118623331	0.0074609	17700.53121
-0.116596401	0.007540653	17740.5278
-0.114634208	0.007627839	17780.52449
-0.112629592	0.007714721	17820.52108
-0.110612184	0.00780756	17860.51778
-0.108596943	0.007901977	17900.51437
-0.106706925	0.00799936	17940.51086
-0.104670443	0.008101503	17980.50765
-0.102678537	0.008206268	18020.50424
-0.100719519	0.008310774	18060.50093
-0.098714866	0.008419732	18100.49752
-0.096677333	0.008531412	18140.49411
-0.094607964	0.008655707	18180.4908
-0.092640474	0.008775754	18220.48739
-0.090611421	0.008893516	18260.48408
-0.088647097	0.009016702	18300.48057
-0.086636089	0.009140738	18340.47726
-0.084626146	0.009272021	18380.47395
-0.082619384	0.009400305	18420.47054
-0.080706	0.009525426	18460.46723
-0.078673773	0.009656566	18500.46372
-0.076651089	0.009790579	18540.46051
-0.074617796	0.009927981	18580.4571
-0.072644986	0.010068822	18620.4538
-0.070635036	0.010215068	18660.45039
-0.068605989	0.010374546	18700.44688
-0.066623636	0.010517422	18740.44367
-0.064635977	0.010659937	18780.44016
-0.062596314	0.010804335	18820.43685
-0.060630936	0.010958543	18860.43344
-0.058623113	0.011116279	18900.43003
-0.056658797	0.011258063	18940.42662
-0.054649901	0.01139543	18980.42331
-0.052641015	0.01153235	19020.42
-0.050726574	0.011659339	19060.41659
-0.048706021	0.011779663	19100.41318
-0.046646196	0.011897276	19140.40977
-0.044648983	0.012000774	19180.40636
-0.042658143	0.012094607	19220.40295
-0.040603619	0.012176313	19260.39954
-0.038609583	0.012242911	19300.39633
-0.036619801	0.012305627	19340.39283
-0.034615159	0.012358038	19380.38952
-0.032625377	0.01239342	19420.38611
-0.030629227	0.012413048	19460.3827
-0.028634135	0.012442223	19500.37929
-0.026618881	0.012459535	19540.37588
-0.024621671	0.012465079	19580.37247
-0.022619145	0.012469547	19620.36916
-0.020699402	0.012463974	19660.36575
-0.018637454	0.012455112	19700.36244
-0.01664767	0.01243634	19740.35903
-0.014580418	0.012413007	19780.35562
-0.012609735	0.012388077	19820.35221
-0.010624198	0.012366438	19860.3488
-0.008641843	0.012329582	19900.34539
-0.006563976	0.012291313	19940.34198
-0.004660147	0.012247852	19980.33867
-0.002668241	0.012214241	20020.33526
-0.000678453	0.01219894	20060.33195
0.001380309	0.012198946	20100.32855
0.003361601	0.012198836	20140.32514
0.005341833	0.012210893	20180.32173
0.007446225	0.012264354	20220.31832
0.009473152	0.012330786	20260.31491
0.011480985	0.012422478	20300.3117
0.013454849	0.012534086	20340.30829
0.015463734	0.012681019	20380.30488
0.017480044	0.012865095	20420.30147
0.019462399	0.013071483	20460.29806
0.02145749	0.013300427	20500.29475
0.02347062	0.013560819	20540.29134
0.025465716	0.013840663	20580.28803
0.027427906	0.014133476	20620.28462
0.029441036	0.014434556	20660.28121
0.03144886	0.014731986	20700.2778
0.033490635	0.015051947	20740.27439
0.035511192	0.015349666	20780.27098
0.0374787	0.015615757	20820.26778
0.039481211	0.015861574	20860.26427
0.041468885	0.016106155	20900.26096
0.043484133	0.016328687	20940.25755
0.045449506	0.016517695	20980.25414
0.047444593	0.016682505	21020.25073
0.049482137	0.016843927	21060.24732
0.051453881	0.016976851	21100.24401
0.053411823	0.017072047	21140.2406
0.055438757	0.01715462	21180.23729
0.057441276	0.017221905	21220.23388
0.059455458	0.017290959	21260.23047
0.061471779	0.017330012	21300.22706
0.063492335	0.017334865	21340.22385
0.065468326	0.017311213	21380.22044
0.067464478	0.01729169	21420.21703
0.069474421	0.017278141	21460.21362
0.071456768	0.017240068	21500.21011
0.073457174	0.017202264	21540.2068
0.075454384	0.017159108	21580.2034
0.077447347	0.017133575	21620.20019
0.079482771	0.017102087	21660.19678
0.081472553	0.017064726	21700.19327
0.08346764	0.017023725	21740.18996
0.085493498	0.017006365	21780.18655
0.087484352	0.016972287	21820.18334
0.089494295	0.016959954	21860.17983
0.09147878	0.016955491	21900.17652
0.093464315	0.016971083	21940.17311
0.095467888	0.016999598	21980.1698
0.097451322	0.017025258	22020.16649
0.099482477	0.017061368	22060.16298
0.101453178	0.017098056	22100.15967
0.103435516	0.01713585	22140.15626
0.105450772	0.017182124	22180.15295
0.107482992	0.01723625	22220.14954
0.109455816	0.017304433	22260.14623
0.111450903	0.017379045	22300.14283
0.113490574	0.017439222	22340.13962
0.115486711	0.017511639	22380.13621
0.117522128	0.017586063	22420.1329
0.119537368	0.017658129	22460.12939
0.121463485	0.017724872	22500.12608
0.12342038	0.017800356	22540.12277
0.125434563	0.017893515	22580.11946
0.127438128	0.017971737	22620.11615
0.129461884	0.018031667	22660.11274
0.131434679	0.018097329	22700.10943
0.133446753	0.018179244	22740.10582
0.135466263	0.018269289	22780.10261
0.137524992	0.01833874	22820.0992
0.139509499	0.018423383	22860.09589
0.141487598	0.01850485	22900.09238
0.143462524	0.018592482	22940.08897
0.145499006	0.018679558	22980.08576
0.147484541	0.018759246	23020.08225
0.149505109	0.018817947	23060.07905
0.151465163	0.018902246	23100.07554
0.153442234	0.018970378	23140.07223
0.155493557	0.019048987	23180.06892
0.157441959	0.019125615	23220.06541
0.159495428	0.019211892	23260.0622
0.161442757	0.019315345	23300.05879
0.163503647	0.019408744	23340.05538
0.165482819	0.019492411	23380.05207
0.167517155	0.019570393	23420.04856
0.169500589	0.019641518	23460.04535
0.171512663	0.019737371	23500.04194
0.173462123	0.019827065	23540.03853
0.17545189	0.019905363	23580.03522
0.177427888	0.020002347	23620.03171
0.179471776	0.02009856	23660.0284
0.181482792	0.020165538	23700.02509
0.183459848	0.02025911	23740.02168
0.185455993	0.020359444	23780.01838
0.187507346	0.020471852	23820.01487
0.18949075	0.020560463	23860.01156
0.191558018	0.020657582	23900.00825
0.193514884	0.020762846	23940.00464
0.195479169	0.020863455	23980.00153
0.197525233	0.020976648	24019.99802
0.19949697	0.02109215	24059.99471
0.201512218	0.021213298	24099.9914
0.203460619	0.021334375	24139.98789
0.205479056	0.021448369	24179.98468
0.20746249	0.021573968	24219.98117
0.209459692	0.021697404	24259.97786
0.211465403	0.021829979	24299.97475
0.213488072	0.021956613	24339.97134
0.215400368	0.022091688	24379.96803
0.217485666	0.022235481	24419.96472
0.219476506	0.022388182	24459.96121
0.221467361	0.022544755	24499.958
0.223487943	0.022701678	24539.9545
0.225513786	0.022864497	24579.95119
0.227459028	0.023033924	24619.94788
0.229472145	0.023224995	24659.94437
0.231448099	0.023422888	24699.94096
0.233462319	0.023622331	24739.93765
0.235461652	0.023841864	24779.93434
0.237504497	0.024064393	24819.93103
0.239520803	0.024303765	24859.92762
0.241481945	0.024565857	24899.92421
0.243559822	0.024839572	24939.9208
0.245498642	0.025116884	24979.91739
0.247487411	0.02541414	25019.91458
0.249513268	0.025726667	25059.91097
0.25149557	0.026051602	25099.90756
0.253453523	0.02640124	25139.90395
0.255471975	0.026782979	25179.90054
0.257521152	0.027176519	25219.89773
0.259453684	0.027595096	25259.89412
0.261460423	0.028028637	25299.89072
0.263468236	0.028495717	25339.88711
0.265477151	0.028984402	25379.8839
0.267508298	0.02948647	25419.88109
0.269490689	0.030008859	25459.87768
0.271457106	0.030538725	25499.87407
0.273513734	0.031117178	25539.87066
0.275485456	0.031691592	25579.86725
0.277463585	0.032271673	25619.86434
0.279486269	0.032922622	25659.86103
0.281452715	0.033585699	25699.85762
0.283502996	0.034296081	25739.85401
0.285448194	0.035039125	25779.8508
0.287449628	0.035807191	25819.84769
0.289498866	0.036568223	25859.84458
0.291492879	0.037373192	25899.84107
0.293502867	0.038151603	25939.83756
0.295484096	0.038953525	25979.83425
0.297526985	0.03975859	26019.83125
0.299511433	0.040601791	26059.82804
0.301516086	0.041434065	26099.82453
0.30348146	0.04225637	26139.82102
0.305529594	0.043149953	26179.81771
0.307457864	0.04406872	26219.8147
0.309479505	0.045021914	26259.81149
0.311466038	0.046000138	26299.80798
0.313447356	0.04701278	26339.80447
0.315463662	0.048023171	26379.80116
0.317461997	0.049039648	26419.79815
0.319494218	0.050106705	26459.79494
0.321445793	0.051177704	26499.79143
0.323468447	0.052265636	26539.78802
0.325525075	0.053353416	26579.78461
0.32744801	0.054591345	26619.7814
0.32946226	0.055832678	26659.77839
0.331485987	0.057092585	26699.77498
0.333437532	0.058371094	26739.77137
0.335454941	0.059745083	26779.76817
0.337470174	0.061178447	26819.76476
0.339472681	0.062663271	26859.76195
0.341488987	0.06425411	26899.75834
0.343502104	0.065814345	26939.75493
0.345498264	0.067355089	26979.75152
0.347498655	0.069007789	27019.74831
0.349480003	0.070780615	27059.7453
0.351515412	0.072688371	27099.74189
0.353473336	0.074609673	27139.73828
0.355498165	0.076565078	27179.73507
0.357468843	0.078650948	27219.73166
0.359475613	0.080778962	27259.72885
0.361462176	0.083036582	27299.72524
0.363489121	0.085488692	27339.72183
0.36549589	0.088013063	27379.71842
0.367431551	0.09072045	27419.71521
0.369512558	0.093572433	27459.7119
0.371514082	0.09681241	27499.7088
0.373470932	0.100259849	27539.70519
0.375507414	0.103877841	27579.70198
0.377488703	0.107906724	27619.69857
0.37946254	0.112409359	27659.69546
0.381459773	0.117179868	27699.69215
0.38348031	0.122345704	27739.68874
0.385501981	0.127869683	27779.68533
0.38745141	0.133984994	27819.68212
0.389451832	0.140786299	27859.67891
0.391478717	0.148068332	27899.6757
0.393528998	0.155780553	27939.67219
0.395523041	0.163586762	27979.66888
0.396679878	0.167914407	28001.67038
0.395501822	0.163407843	28023.66827
0.393519461	0.1520552	28063.66486
0.39147234	0.140858556	28103.66195
0.389501661	0.131300315	28143.65844
0.387460947	0.12284473	28183.65493
0.385499835	0.115158033	28223.65122
0.383498371	0.108154265	28263.64771
0.38145873	0.101733414	28303.64481
0.379445553	0.095938451	28343.6413
0.377509922	0.090646173	28383.63779
0.375496775	0.085681988	28423.63408
0.373527199	0.08108461	28463.63057
0.371470511	0.07688507	28503.62766
0.369517922	0.073015004	28543.62415
0.367554665	0.069373266	28583.62074
0.365513951	0.065971682	28623.61693
0.363465786	0.06285465	28663.61352
0.361499339	0.05992545	28703.61021
0.35947451	0.057215613	28743.6071
0.357469887	0.054690056	28783.60349
0.35544613	0.05234078	28823.59988
0.35343194	0.050172302	28863.59627
0.351523846	0.048195638	28903.59316
0.349505454	0.046323976	28943.58985
0.347490191	0.044482059	28983.58644
0.345507801	0.042852865	29023.58263
0.343469232	0.041355938	29063.57923
0.341476232	0.039951919	29103.57592
0.339466304	0.038636248	29143.57281
0.337475479	0.037408448	29183.5692
0.335465491	0.036246773	29223.56559
0.33345136	0.035161639	29263.56198
0.331472188	0.034140418	29303.55887
0.329447389	0.033171109	29343.55556
0.327503204	0.032271625	29383.55215
0.325472027	0.031418938	29423.54834
0.323471636	0.03059512	29463.54493
0.321519017	0.029825371	29503.54172
0.319460213	0.029082037	29543.53851
0.317477852	0.028350328	29583.535
0.315511435	0.027667076	29623.53129
0.313474953	0.027002055	29663.52778
0.311455458	0.026376932	29703.52457
0.309459269	0.025777727	29743.52136
0.307448298	0.02518166	29783.51785
0.305442601	0.024607125	29823.51415
0.303443283	0.024052443	29863.51064
0.301512927	0.023525092	29903.50723
0.299524188	0.023007818	29943.50422
0.297487706	0.022486741	29983.50081
0.295524448	0.02196434	30023.497
0.293513447	0.021469451	30063.49359
0.291516274	0.021001424	30103.48998
0.289440483	0.020550666	30143.48717
0.287465543	0.020096837	30183.48356
0.285467297	0.01965861	30223.47995
0.283469051	0.019222173	30263.47634
0.281465471	0.018806982	30303.47293
0.27947247	0.018403772	30343.46992
0.277448714	0.017993727	30383.46651
0.275479108	0.017594008	30423.4627
0.273510545	0.017196496	30463.45929
0.271484733	0.016814045	30503.45568
0.269490659	0.016435832	30543.45258
0.267534822	0.01606849	30583.44927
0.26549837	0.015699125	30623.44566
0.26347357	0.015323748	30663.44205
0.261501849	0.014960152	30703.43864
0.259501427	0.014610008	30743.43543
0.257488251	0.014260543	30783.43222
0.255519688	0.013916478	30823.42851
0.253471613	0.013575697	30863.425
0.251488119	0.01323205	30903.42149
0.249463364	0.012889531	30943.41828
0.247526601	0.012540335	30983.41507
0.245509267	0.012198986	31023.41136
0.243475944	0.011858634	31063.40815
0.241518036	0.011525255	31103.40464
0.239511266	0.011197923	31143.40123
0.23750025	0.010864397	31183.39792
0.235465899	0.010534634	31223.39421
0.233461231	0.010198088	31263.3911
0.231483147	0.009874883	31303.3875
0.229424357	0.009557395	31343.38419
0.227444142	0.009235741	31383.38088
0.225497872	0.008923148	31423.37707
0.223473057	0.008621612	31463.37376
0.221468434	0.008320172	31503.37045
0.219454259	0.008025841	31543.36704
0.217497349	0.007721834	31583.36363
0.215473607	0.007423711	31623.36002
0.213497639	0.007127906	31663.35661
0.211479202	0.006835446	31703.3534
0.209478796	0.006557699	31743.34999
0.207486868	0.006271725	31783.34668
0.205463141	0.005998997	31823.34317
0.203471258	0.005728313	31863.33956
0.201528132	0.005457284	31903.33635
0.19949168	0.005195802	31943.33294
0.197540089	0.004940007	31983.32953
0.195500433	0.00468425	32023.32593
0.193492606	0.004436874	32063.32252
0.191514492	0.004186628	32103.31931
0.189487532	0.0039442	32143.3158
0.187546581	0.003712416	32183.31239
0.185485706	0.003464419	32223.30888
0.18347469	0.00323757	32263.30537
0.181463659	0.003008655	32303.30216
0.179491967	0.002786764	32343.29865
0.177435294	0.0025736	32383.29534
0.175423235	0.002363224	32423.29173
0.173515171	0.002153835	32463.28822
0.171475485	0.001941082	32503.28491
0.169512242	0.001734938	32543.2815
0.167498082	0.001533484	32583.27819
0.165504038	0.001335151	32623.27458
0.163472876	0.001139926	32663.27117
0.161528736	0.000950398	32703.26776
0.159526199	0.000756048	32743.26435
0.157469556	0.000572594	32783.26095
0.155487195	0.000383515	32823.25754
0.153486818	0.000201707	32863.25393
0.151422724	2.22455E-05	32903.25062
0.1494807	-0.000149475	32943.24731
0.147508964	-0.00031377	32983.2437
0.14552553	-0.000488054	33023.24029
0.143449798	-0.000662974	33063.23688
0.141506717	-0.000830026	33103.23347
0.139511615	-0.000996974	33143.23006
0.137532473	-0.001159181	33183.22665
0.135453522	-0.001320165	33223.22324
0.13342236	-0.001485466	33263.21963
0.13146016	-0.001641455	33303.21622
0.12946932	-0.001802321	33343.21261
0.127444506	-0.001956659	33383.2094
0.125436679	-0.002108945	33423.20579
0.123473443	-0.002254048	33463.20238
0.1214412	-0.002390698	33503.19908
0.119499192	-0.00254837	33543.19577
0.117503025	-0.002692902	33583.19236
0.11550156	-0.002841056	33623.18885
0.113489486	-0.002990147	33663.18554
0.111483805	-0.003131234	33703.18213
0.109465361	-0.003280122	33743.17882
0.10745541	-0.003423102	33783.17541
0.105442271	-0.003560934	33823.172
0.103445061	-0.003708142	33863.16859
0.101456352	-0.003854701	33903.16528
0.099476121	-0.003991573	33943.16177
0.097465113	-0.004134015	33983.15846
0.095463648	-0.004276542	34023.15505
0.093479179	-0.004421924	34063.15164
0.09152016	-0.004566145	34103.14823
0.089518711	-0.004698822	34143.14482
0.087472677	-0.00484452	34183.14151
0.085499883	-0.004981254	34223.138
0.08345703	-0.005122782	34263.1346
0.081403576	-0.00524977	34303.13119
0.079451993	-0.005373988	34343.12788
0.077464327	-0.00549664	34383.12447
0.075401321	-0.005613033	34423.12096
0.073466718	-0.005728595	34463.11765
0.071469508	-0.005836059	34503.11424
0.06951049	-0.005941535	34543.11083
0.067474023	-0.00606099	34583.10732
0.065461963	-0.006166489	34623.10391
0.063456245	-0.006260032	34663.1006
0.061431456	-0.006345159	34703.09709
0.059453338	-0.006442746	34743.09388
0.057427477	-0.006551044	34783.09047
0.055440869	-0.006629057	34823.08706
0.05343093	-0.006699488	34863.08365
0.051440086	-0.006778315	34903.08024
0.049444992	-0.006865294	34943.07683
0.047403216	-0.006943526	34983.07343
0.045448445	-0.007015794	35023.07002
0.04348838	-0.007081282	35063.06661
0.041445531	-0.007155519	35103.0633
0.039463174	-0.007209976	35143.05989
0.03746384	-0.007266065	35183.05658
0.035460267	-0.007343146	35223.05297
0.033504434	-0.007410651	35263.04966
0.031442489	-0.007482501	35303.04635
0.029421931	-0.007546365	35343.04294
0.027452311	-0.00759997	35383.03953
0.025450857	-0.007663916	35423.03612
0.023416499	-0.007715139	35463.03271
0.021484023	-0.007764886	35503.0293
0.019511221	-0.007810532	35543.02589
0.017472615	-0.007868718	35583.02258
0.015471158	-0.007927035	35623.01917
0.013454844	-0.007978215	35663.01576
0.011477794	-0.008031384	35703.01245
0.009451931	-0.008079358	35743.00905
0.007435619	-0.00816858	35783.00564
0.005341837	-0.008203443	35823.00223
0.00334038	-0.008234178	35862.99882
0.001335735	-0.008285179	35902.99551
-0.000686949	-0.008315351	35942.9922
-0.002650203	-0.008357752	35982.98879
-0.00466758	-0.008401765	36022.98538
-0.006643565	-0.008438746	36062.98197
-0.008656696	-0.008487151	36102.97856
-0.010600847	-0.008536395	36142.97515
-0.012645814	-0.008571553	36182.97174
-0.014633476	-0.008614399	36222.96833
-0.016624322	-0.008652639	36262.96492
-0.018652312	-0.008708848	36302.96161
-0.020667564	-0.00874689	36342.9582
-0.022664782	-0.008784869	36382.95489
-0.024674729	-0.008825637	36422.95148
-0.026675124	-0.008862555	36462.94807
-0.02863095	-0.008906155	36502.94467
-0.030633466	-0.008939463	36542.94126
-0.032637049	-0.008973151	36582.93785
-0.034600303	-0.009023264	36622.93444
-0.036625106	-0.009065941	36662.93103
-0.038583051	-0.009105102	36702.92762
-0.040629096	-0.009142267	36742.92441
-0.042597648	-0.009185007	36782.9209
-0.044669151	-0.009238865	36822.91759
-0.046643015	-0.009269256	36862.91418
-0.04866251	-0.009312873	36902.91077
-0.05064911	-0.009347785	36942.90736
-0.052642085	-0.009398103	36982.90395
-0.054628685	-0.009430952	37022.90054
-0.056640755	-0.009472393	37062.89713
-0.058648575	-0.009516464	37102.89382
-0.060593788	-0.009568173	37142.89031
-0.062639818	-0.009615866	37182.887
-0.064628541	-0.009661939	37222.8835
-0.066644855	-0.009716025	37262.88019
-0.068634644	-0.009778755	37302.87668
-0.070659459	-0.009836245	37342.87347
-0.072675765	-0.009871317	37382.87006
-0.074643262	-0.009916445	37422.86645
-0.076664887	-0.009974041	37462.86314
-0.078620717	-0.010027904	37502.85963
-0.08068265	-0.010071776	37542.85632
-0.082631052	-0.010124236	37582.85291
-0.084644191	-0.010186067	37622.8495
-0.086683847	-0.010253335	37662.84609
-0.088631183	-0.010306568	37702.84278
-0.090603992	-0.010361257	37742.83937
-0.092621364	-0.010417818	37782.83586
-0.094640858	-0.010472989	37822.83245
-0.096641257	-0.010550452	37862.82914
-0.098689422	-0.010614387	37902.82573
-0.100615524	-0.010668483	37942.82232
-0.102651998	-0.010727236	37982.81892
-0.104647085	-0.010798277	38022.81551
-0.106670842	-0.010868616	38062.8121
-0.108609676	-0.01091766	38102.80869
-0.11063236	-0.010988176	38142.80528
-0.112648673	-0.01107173	38182.80197
-0.114612989	-0.011136487	38222.79846
-0.11660596	-0.011209767	38262.79505
-0.118660472	-0.011265727	38302.79174
-0.12066935	-0.011340707	38342.78833
-0.12263687	-0.011415791	38382.78502
-0.124659531	-0.011495362	38422.78141
-0.12665464	-0.011568135	38462.7782
-0.128695384	-0.011652031	38502.77479
-0.130659685	-0.011706623	38542.77138
-0.132614449	-0.011781443	38582.76797
-0.134650931	-0.011833808	38622.76456
-0.136633292	-0.01191886	38662.76135
-0.138595462	-0.012002122	38702.75775
-0.140651047	-0.01207634	38742.75444
-0.142635524	-0.012156007	38782.75113
-0.144631684	-0.012250492	38822.74732
-0.146675587	-0.012330838	38862.74411
-0.148637801	-0.01238844	38902.7407
-0.150643483	-0.012458696	38942.73729
-0.15267466	-0.012525547	38982.73388
-0.154641092	-0.01259521	39022.73027
-0.156686068	-0.012683866	39062.72686
-0.158603683	-0.01277053	39102.72345
-0.160607263	-0.012834254	39142.72004
-0.162626773	-0.012920708	39182.71683
-0.164612323	-0.012996742	39222.71302
-0.16660738	-0.013073186	39262.70971
-0.168664053	-0.013118469	39302.7064
-0.170667604	-0.013167531	39342.70289
-0.17264466	-0.013252038	39382.69968
-0.174669474	-0.013310986	39422.69597
-0.176627427	-0.013370944	39462.69267
-0.178712696	-0.013433609	39502.68926
-0.180709943	-0.013478032	39542.68575
-0.182774007	-0.013527769	39582.68254
-0.184704363	-0.013580233	39622.67883
-0.186664417	-0.013637675	39662.67542
-0.188647851	-0.013699039	39702.67211
-0.190680057	-0.013737583	39742.6686
-0.192681536	-0.013771295	39782.66529
-0.194685116	-0.013820441	39822.66168
-0.196667463	-0.013860279	39862.65837
-0.198692277	-0.013906976	39902.65506
-0.200720251	-0.013934872	39942.65145
-0.202670768	-0.013957631	39982.64814
-0.204665884	-0.013980239	40022.64463
-0.206711888	-0.01401706	40062.64102
-0.208651811	-0.014032125	40102.63781
-0.210643724	-0.01404071	40142.6344
-0.212643042	-0.014062992	40182.631
-0.214696512	-0.014074749	40222.62739
-0.216661915	-0.014101357	40262.62398
-0.218682453	-0.014128936	40302.62077
-0.22063826	-0.014144565	40342.61716
-0.222668394	-0.014148349	40382.61385
-0.224702746	-0.014178884	40422.61034
-0.226677656	-0.014184078	40462.60673
-0.228684425	-0.014185942	40502.60352
-0.230713487	-0.014190398	40542.60011
-0.232659742	-0.014166619	40582.5967
-0.234652728	-0.014172662	40622.59309
-0.236677527	-0.014174984	40662.58968
-0.238686413	-0.014178488	40702.58637
-0.240657091	-0.014183486	40742.58296
-0.242652163	-0.014182249	40782.57955
-0.244676977	-0.014179089	40822.57634
-0.246622205	-0.014173252	40862.57283
-0.248667136	-0.014193435	40902.56932
-0.250687718	-0.014191477	40942.56582
-0.252694488	-0.014177979	40982.56231
-0.254671544	-0.014183269	41022.5589
-0.256700605	-0.014174959	41062.55539
-0.258695662	-0.014138081	41102.55188
-0.260696083	-0.014127336	41142.54837
-0.262642384	-0.014092168	41182.54496
-0.264690518	-0.014080381	41222.54175
-0.266650617	-0.0140574	41262.53834
-0.268594742	-0.014042886	41302.53473
-0.270672619	-0.014042752	41342.53132
-0.27262947	-0.014018553	41382.52771
-0.274666011	-0.014000703	41422.5247
-0.276684433	-0.01394247	41462.52109
-0.278695434	-0.013902935	41502.51768
-0.280686229	-0.013877252	41542.51407
-0.282674968	-0.013832189	41582.51066
-0.284673244	-0.013814922	41622.50715
-0.286687464	-0.01376504	41662.50405
-0.288652807	-0.013717119	41702.50044
-0.290672332	-0.013693893	41742.49703
-0.292662114	-0.013643678	41782.49342
-0.294684768	-0.013624398	41822.49011
-0.296690524	-0.013591218	41862.4868
-0.298612386	-0.013540743	41902.48339
-0.300700843	-0.013495638	41942.47978
-0.302709699	-0.013433525	41982.47637
-0.304655969	-0.013382491	42022.47286
-0.306690395	-0.013318958	42062.46975
-0.308672696	-0.013246792	42102.46624
-0.310690105	-0.013198126	42142.46273
-0.312668175	-0.013133474	42182.45922
-0.314686656	-0.013079752	42222.45581
-0.31660533	-0.01300572	42262.4526
-0.318676829	-0.012935972	42302.44909
-0.320681453	-0.012881218	42342.44558
-0.322633058	-0.01280941	42382.44207
-0.324649364	-0.012733292	42422.43867
-0.326660395	-0.012685825	42462.43546
-0.328691542	-0.012610131	42502.43205
-0.330679178	-0.012515301	42542.42844
-0.332664758	-0.012426504	42582.42503
-0.334685296	-0.012345656	42622.42152
-0.336649626	-0.012263324	42662.41841
-0.338688254	-0.01217242	42702.4148
-0.340632379	-0.012086784	42742.41139
-0.342673093	-0.012008311	42782.40778
-0.344649076	-0.011918347	42822.40417
-0.346650571	-0.011843815	42862.40116
-0.348678529	-0.011770133	42902.39775
-0.350638598	-0.01170716	42942.39414
-0.352668703	-0.011655248	42982.39073
-0.354694545	-0.011576879	43022.38692
-0.356635541	-0.011497588	43062.38411
-0.358678401	-0.011416324	43102.3805
-0.360676646	-0.011362819	43142.3771
-0.362690896	-0.011301207	43182.37349
-0.364691257	-0.011228678	43222.36988
-0.366633296	-0.01118285	43262.36687
-0.368628412	-0.011127251	43302.36346
-0.370611817	-0.011076724	43342.35985
-0.372641891	-0.011041259	43382.35644
-0.374643326	-0.010991019	43422.35273
-0.376612961	-0.010953413	43462.34952
-0.378683388	-0.010924912	43502.34631
-0.380688041	-0.010889759	43542.3428
-0.382702202	-0.010855957	43582.33929
-0.384676069	-0.010826391	43622.33558
-0.386695623	-0.010782887	43662.33237
-0.388658881	-0.01074983	43702.32916
-0.390659243	-0.010715096	43742.32565
-0.392693609	-0.010702685	43782.32214
-0.394682318	-0.010676544	43822.31843
-0.39664346	-0.010656375	43862.31522
-0.398655564	-0.01065797	43902.31212
-0.400643229	-0.010662443	43942.30851
-0.402683944	-0.010659	43982.3051
-0.404637635	-0.010642248	44022.30129
-0.406630605	-0.010619687	44062.29818
-0.408642679	-0.010641213	44102.29487
-0.410651565	-0.010642252	44142.29146
-0.41264236	-0.010644364	44182.28785
-0.414671481	-0.010657849	44222.28424
-0.41664955	-0.010659354	44262.28093
-0.418627709	-0.010659536	44302.27782
-0.420623809	-0.010659497	44342.27421
-0.422605097	-0.010689901	44382.2708
-0.424617201	-0.010716682	44422.26699
-0.42664519	-0.01073574	44462.26388
-0.428663671	-0.010770697	44502.26057
-0.430685222	-0.010785972	44542.25716
-0.432664424	-0.0108164	44582.25355
-0.434682846	-0.010845055	44622.24994
-0.436672628	-0.010857306	44662.24634
-0.438670903	-0.010881354	44702.24354
-0.440651119	-0.010904041	44742.24005
-0.442621797	-0.010924839	44782.23655
-0.444627494	-0.010953366	44822.23286
-0.446638495	-0.010969826	44862.22937
-0.448630482	-0.010979798	44902.22647
-0.450649917	-0.01100545	44942.22298
-0.452616364	-0.011034992	44982.21949
-0.454683602	-0.011076209	45022.21579
-0.456707358	-0.011089999	45062.2123
-0.458655745	-0.011115835	45102.2094
-0.460667849	-0.0111535	45142.20591
-0.462623626	-0.011177728	45182.20242
-0.464658022	-0.011185464	45222.19882
-0.466614902	-0.011204276	45262.19523
-0.468648195	-0.011240017	45302.19214
-0.470625192	-0.011267076	45342.18884
-0.472646862	-0.011296231	45382.18545
-0.474636674	-0.011322853	45422.18165
-0.476673096	-0.011351808	45462.17826
-0.478632152	-0.011397764	45502.17497
-0.480666518	-0.01142985	45542.17187
-0.482658386	-0.01144946	45582.16828
-0.484660894	-0.01146894	45622.16469
-0.486649632	-0.011499659	45662.16109
-0.48869139	-0.011527759	45702.158
-0.49068436	-0.011565774	45742.1547
-0.492639154	-0.011576676	45782.15131
-0.494650155	-0.011599412	45822.14782
-0.496632546	-0.011624831	45862.14442
-0.498682827	-0.011655018	45902.14143
-0.50061959	-0.011692767	45942.13804
-0.5026443	-0.011707194	45982.13444
-0.504678726	-0.011742942	46022.13025
-0.506631315	-0.011784246	46062.12675
-0.508664668	-0.011814315	46102.12386
-0.510673523	-0.011842251	46142.12037
-0.512661159	-0.011860064	46182.11687
-0.514618099	-0.011897941	46222.11258
-0.516651392	-0.011931942	46262.10909
-0.518672943	-0.011956217	46302.10619
-0.5206182	-0.012002688	46342.1027
-0.522622883	-0.012033474	46382.0992
-0.524606287	-0.012071714	46422.09491
-0.526653349	-0.012122721	46462.09152
-0.528651655	-0.012144022	46502.08792
-0.530645669	-0.012167116	46542.08513
-0.532705486	-0.01219448	46582.08154
-0.534652829	-0.012246139	46622.07734
-0.536638319	-0.012284355	46662.07375
-0.538629174	-0.012327714	46702.07035
-0.540624261	-0.01236968	46742.06736
-0.542687297	-0.012396813	46782.06397
-0.544636726	-0.012450686	46822.05957
-0.546654046	-0.012463391	46862.05618
-0.548660874	-0.012491451	46902.05259
-0.550630569	-0.012537256	46942.04979
-0.552648902	-0.012580292	46982.0462
-0.554598451	-0.012614783	47022.042
-0.556682646	-0.012655743	47062.03841
-0.558663964	-0.012674201	47102.03502
-0.560685515	-0.012711533	47142.03152
-0.562677503	-0.01276321	47182.02863
-0.564664066	-0.012813111	47222.02434
-0.566681445	-0.01286634	47262.02084
-0.56863302	-0.012878164	47302.01735
-0.57063657	-0.012923509	47342.01385
-0.572649717	-0.012954959	47382.01096
-0.574653327	-0.012982385	47422.00667
-0.576637805	-0.013012515	47462.00317
-0.578608453	-0.013045553	47501.99968
-0.58062166	-0.013085459	47541.99629
-0.582648516	-0.013140529	47581.99329
-0.58466059	-0.013176075	47621.9891
-0.586665273	-0.01323085	47661.9855
-0.588665605	-0.013273609	47701.98211
-0.590641618	-0.013296597	47741.97852
-0.592640936	-0.013330505	47781.97572
-0.594629705	-0.013339664	47821.97133
-0.596615195	-0.01338353	47861.96794
-0.598623097	-0.013454242	47901.96434
-0.600653172	-0.013511933	47941.96095
-0.602640927	-0.013520351	47981.95795
-0.604661345	-0.013548805	48021.95376
-0.606618166	-0.01358677	48061.95017
-0.608672798	-0.013623523	48101.94677
-0.610705018	-0.013668994	48141.94318
-0.612689495	-0.013716929	48181.94039
-0.614624143	-0.013754682	48221.93599
-0.616622388	-0.013796602	48261.9326
-0.618660986	-0.013845455	48301.9291
-0.620670855	-0.013869412	48341.92561
-0.622663915	-0.013911063	48381.92272
-0.624627173	-0.013979056	48421.91842
-0.626606345	-0.01400704	48461.91493
-0.628651321	-0.014035573	48501.91144
-0.630607069	-0.014096705	48541.90794
-0.632620275	-0.01415299	48581.90505
-0.6346398	-0.014213242	48621.90085
-0.63668257	-0.014263327	48661.89726
-0.638677597	-0.014320532	48701.89387
-0.640639901	-0.014372261	48741.89027
-0.642678499	-0.014408193	48781.88748
-0.644636452	-0.014457472	48821.88309
-0.646624029	-0.014502298	48861.87969
-0.648651004	-0.014567685	48901.8761
-0.650625944	-0.014628225	48941.8727
-0.652610362	-0.014684325	48981.86971
-0.654634178	-0.01473833	49021.86552
-0.656560242	-0.014828422	49061.86192
-0.658618927	-0.014990028	49101.85853
-0.660627961	-0.015030596	49141.85494
-0.662604928	-0.015073649	49181.85214
-0.664587319	-0.015133589	49221.84775
-0.666671574	-0.015193223	49261.84435
-0.668649673	-0.015264677	49301.84076
-0.670637429	-0.015326432	49341.83737
-0.672628284	-0.015393745	49381.83447
-0.674640238	-0.01549029	49421.83018
-0.676663995	-0.015572452	49461.82669
-0.678643167	-0.015659398	49501.82319
-0.680642486	-0.015773931	49541.8197
-0.682582438	-0.01587633	49581.8168
-0.684664547	-0.015978449	49621.81251
-0.686668158	-0.016064697	49661.80902
-0.688671708	-0.016162821	49701.80562
-0.690659344	-0.017191548	49741.80203
-0.692651212	-0.016979286	49781.79924
-0.694662273	-0.016894558	49821.79484
-0.696649969	-0.016976451	49861.79145
-0.698624849	-0.017047802	49901.78786
-0.700599849	-0.017102141	49941.78446
-0.702608645	-0.017217221	49981.78147
-0.704600573	-0.017324679	50021.77727
-0.706636012	-0.017434932	50061.77368
-0.708668292	-0.017555714	50101.77029
-0.710633576	-0.017684543	50141.76669
-0.712652028	-0.017798173	50181.7633
-0.714623809	-0.017944991	50221.75951
-0.716629505	-0.018079895	50261.75611
-0.718657434	-0.018191429	50301.75252
-0.720638752	-0.018301541	50341.74912
-0.722603023	-0.018416963	50381.74563
-0.724591792	-0.018551128	50421.74194
-0.726639926	-0.018661718	50461.73844
-0.728596866	-0.018784099	50501.73495
-0.730591893	-0.018901382	50541.73146
-0.732659221	-0.019018876	50581.72796
-0.734621406	-0.019149509	50621.72427
-0.736665308	-0.01927088	50661.72077
-0.738632798	-0.019371568	50701.71738
-0.740648091	-0.019467608	50741.71379
-0.742678165	-0.019553738	50781.71039
-0.74461484	-0.019625997	50821.706
-0.746676862	-0.019701782	50861.70321
-0.748627424	-0.019748298	50901.69961
-0.750601172	-0.019838431	50941.69622
-0.752609015	-0.019923798	50981.69262
-0.754592478	-0.020004172	51021.68843
-0.756620407	-0.020058295	51061.68544
-0.758649528	-0.02011517	51101.68204
-0.760596812	-0.020181299	51141.67845
-0.762652397	-0.02023741	51181.67506
-0.764634728	-0.020279107	51221.67066
-0.766670167	-0.020313785	51261.66787
-0.768658936	-0.020349957	51301.66427
-0.770639122	-0.020382105	51341.66088
-0.772629976	-0.020409498	51381.65729
-0.774627149	-0.020449304	51421.65309
-0.776603222	-0.020446129	51461.6502
-0.778612018	-0.020474173	51501.64671
-0.780608177	-0.020485074	51541.64321
-0.782578886	-0.020484333	51581.63972
-0.784659922	-0.020494613	51621.63542
-0.786617815	-0.020544932	51661.63253
-0.788631082	-0.020559743	51701.62904
-0.790647328	-0.020555128	51741.62554
-0.79266578	-0.020558673	51781.62215
-0.794627905	-0.02055246	51821.61776
-0.796658158	-0.020573397	51861.61496
-0.798648953	-0.020584508	51901.61137
-0.800655723	-0.020579039	51941.60797
-0.802559495	-0.020623517	51981.60438
-0.804632068	-0.020630304	52021.60019
-0.806630373	-0.020639156	52061.59719
-0.80865413	-0.020653745	52101.5938
-0.810622633	-0.02068913	52141.59021
-0.812615573	-0.020724564	52181.58681
-0.814623415	-0.020711461	52221.58242
-0.816640854	-0.020738011	52261.57962
-0.818637013	-0.020776473	52301.57603
-0.820610821	-0.020824756	52341.57264
-0.822604835	-0.020847852	52381.56904
-0.824581921	-0.020866667	52421.56485
-0.826596081	-0.020907694	52461.56186
-0.828619838	-0.02093277	52501.55846
-0.830625594	-0.02095888	52541.55497
-0.83258462	-0.021015836	52581.55147
-0.834614754	-0.021061796	52621.54718
-0.836587548	-0.021103242	52661.54429
-0.838637769	-0.021152127	52701.54079
-0.8406201	-0.021172052	52741.5373
-0.842617273	-0.021216468	52781.53381
-0.844661176	-0.021241756	52821.52951
-0.846621335	-0.021288259	52861.52662
-0.84861213	-0.021311991	52901.52312
-0.850608349	-0.021299393	52941.51973
-0.852624595	-0.02131888	52981.51614
-0.854583621	-0.021350938	53021.51194
-0.856639147	-0.021387066	53061.50895
-0.858605683	-0.021429929	53101.50556
-0.860602796	-0.021440807	53141.50196
-0.862584114	-0.021454544	53181.49857
-0.864653528	-0.021484419	53221.49417
-0.866593421	-0.02148367	53261.49138
-0.86863941	-0.021495224	53301.48779
-0.870631397	-0.021480085	53341.48439
-0.872652948	-0.021483004	53381.4808
-0.874617338	-0.021491236	53421.47661
-0.876592219	-0.021474913	53461.47361
-0.878590524	-0.021483917	53501.47022
-0.88062495	-0.021494104	53541.46662
-0.882619977	-0.02145809	53581.46323
-0.884594858	-0.021433509	53621.45894
-0.886628211	-0.02143645	53661.45604
-0.888648748	-0.021466623	53701.45255
-0.89065969	-0.021500313	53741.44906
-0.892662227	-0.02146787	53781.44556
-0.894669056	-0.021431792	53821.44127
-0.89667362	-0.021436791	53861.43777
-0.898669899	-0.021433039	53901.43488
-0.90064162	-0.02142545	53941.43139
-0.902600586	-0.021418726	53981.42789
-0.904590368	-0.02143424	54021.4237
-0.906601429	-0.021421202	54061.42011
-0.908580661	-0.021435954	54101.41731
-0.91060853	-0.021468692	54141.41372
-0.912599385	-0.021485228	54181.41032
-0.914597631	-0.021527518	54221.40593
-0.916633129	-0.021538497	54261.40254
-0.918595314	-0.021557701	54301.39954
-0.920645595	-0.021608309	54341.39615
-0.922606707	-0.021650068	54381.39256
-0.924678147	-0.021660386	54421.38836
-0.926663697	-0.021655721	54461.38477
-0.928656638	-0.021703058	54501.38137
-0.930606127	-0.021785712	54541.37838
-0.932592809	-0.021840384	54581.37499
-0.934574008	-0.021878119	54621.37069
-0.936582923	-0.021943446	54661.3672
-0.938598156	-0.022000673	54701.36371
-0.940652728	-0.022083945	54741.36081
-0.942631781	-0.022117154	54781.35732
-0.944613159	-0.02219979	54821.35302
-0.946633637	-0.022287331	54861.34953
-0.948661685	-0.022342989	54901.34604
-0.950657845	-0.022394255	54941.34314
-0.952618003	-0.022416125	54981.33965
-0.954593956	-0.022458492	55021.33546
-0.956573069	-0.022531655	55061.33186
-0.958613753	-0.022626453	55101.32847
-0.960593045	-0.022733711	55141.32547
-0.962607205	-0.0228396	55181.32208
-0.964613974	-0.022933119	55221.31809
-0.966636539	-0.023071083	55261.31429
-0.968632698	-0.023167456	55301.3107
-0.970639527	-0.023281642	55341.30791
-0.97261554	-0.02341739	55381.30431
-0.974600077	-0.023541395	55421.30052
-0.976601422	-0.02366969	55461.29652
-0.978613496	-0.023746391	55501.29313
-0.98060751	-0.02384951	55541.29014
-0.982583582	-0.02396642	55581.28674
-0.984607339	-0.024067874	55621.28275
-0.986608803	-0.024180254	55661.27896
-0.988590002	-0.02427476	55701.27546
-0.990578711	-0.024398004	55741.27257
-0.992637455	-0.024533515	55781.26907
-0.994594395	-0.024674028	55821.26638
-0.99660641	-0.02477316	55861.26189
-0.998622715	-0.024902964	55901.25779
-1.000630617	-0.025058308	55941.2549
-1.002601385	-0.025177989	55981.25201
-1.004618764	-0.025283403	56021.24871
-1.006610632	-0.025466828	56061.24422
-1.008664012	-0.025621734	56101.24023
-1.010607123	-0.025771827	56141.23723
-1.012582064	-0.02591927	56181.23444
-1.014614463	-0.026101716	56221.23044
-1.016589284	-0.026266468	56261.22545
-1.018631935	-0.026406601	56301.22126
-1.020640969	-0.026579462	56341.21846
-1.022637129	-0.026767973	56381.21547
-1.024600506	-0.026930198	56421.21168
-1.026650667	-0.02707997	56461.20648
-1.028592587	-0.027204012	56501.20249
-1.030585647	-0.027306325	56541.19949
-1.032606244	-0.02747609	56581.1967
-1.034566402	-0.027672988	56621.19281
-1.036574244	-0.027832781	56661.18771
-1.038588285	-0.02801022	56701.18362
-1.040613174	-0.028227519	56741.18073
-1.042579532	-0.028418683	56781.17783
-1.044610858	-0.028600151	56821.17394
-1.046595335	-0.028788553	56861.16894
-1.048628449	-0.029018573	56901.16475
-1.050571442	-0.029215288	56941.16196
-1.052586794	-0.029419739	56981.15896
-1.054593682	-0.02962843	57021.15517
-1.056580186	-0.029762409	57061.14998
-1.058575273	-0.029988141	57101.14598
-1.060580969	-0.030216475	57141.14299
-1.062598348	-0.030405423	57181.14019
-1.064602017	-0.030661756	57221.1362
-1.066583157	-0.030902278	57261.13121
-1.068614483	-0.031213812	57301.12701
-1.070614815	-0.03144449	57341.12422
-1.072568417	-0.031678782	57381.12133
-1.074599743	-0.031939671	57421.11743
-1.076626658	-0.032197737	57461.11234
-1.078639746	-0.03246447	57501.10824
-1.080589175	-0.032736384	57541.10535
-1.082559943	-0.033031538	57581.10246
-1.084584832	-0.033360023	57621.09856
-1.086639166	-0.033717513	57661.09347
-1.088580132	-0.034036474	57701.08948
-1.090567827	-0.034363236	57741.08648
-1.09254694	-0.034664228	57781.08369
-1.094613314	-0.035053876	57821.07969
-1.096596599	-0.035421645	57861.0747
-1.098623514	-0.035764624	57901.07051
-1.100630283	-0.036113788	57941.06771
-1.102673173	-0.036521743	57981.06472
-1.104588747	-0.036902397	58021.06093
-1.106578469	-0.037255314	58061.05573
-1.108567119	-0.037722951	58101.05174
-1.110622644	-0.038074419	58141.04884
-1.112633705	-0.038442623	58181.04595
-1.114580154	-0.038945154	58221.04206
-1.116566539	-0.039428026	58261.03696
-1.11858809	-0.039891909	58301.03287
-1.120651245	-0.04048929	58341.02998
-1.122594476	-0.040944393	58381.02708
-1.124648929	-0.041470115	58421.02319
-1.126605868	-0.041975499	58461.01819
-1.128596544	-0.04251381	58501.014
-1.130657434	-0.043174341	58541.01121
-1.132586718	-0.043699017	58581.00821
-1.134590387	-0.044367061	58621.00442
-1.136591911	-0.04504736	58660.99923
-1.138576269	-0.045726751	58700.99523
-1.140564919	-0.046390419	58740.99224
-1.142581344	-0.047031108	58780.98944
-1.144608259	-0.047773221	58820.98545
-1.146597147	-0.048559381	58860.98046
-1.148637772	-0.049414686	58900.97636
-1.150599837	-0.050294337	58940.97347
-1.152642846	-0.051111555	58980.97058
-1.154620886	-0.052028362	59020.96668
-1.156578779	-0.052988148	59060.96159
-1.158587694	-0.053941391	59100.95749
-1.160522223	-0.054905561	59140.9547
-1.162551403	-0.055922377	59180.95171
-1.164602757	-0.056939605	59220.94791
-1.166595817	-0.057997165	59260.94272
-1.168607712	-0.059089983	59300.93873
-1.170572042	-0.060263632	59340.93573
-1.172657371	-0.061454243	59380.93294
-1.174621701	-0.062775197	59420.92894
-1.176611423	-0.064041681	59460.92395
-1.178637147	-0.065246257	59500.91976
-1.180637717	-0.066526763	59540.91696
-1.182587266	-0.067885741	59580.91397
-1.184562206	-0.069128602	59620.91018
-1.186592221	-0.071121017	59660.90508
-1.188563943	-0.072627614	59700.90099
-1.190543056	-0.074457704	59740.89809
-1.192595601	-0.076492796	59780.8952
-1.19459188	-0.078630581	59820.89131
-1.196599483	-0.080546755	59860.88621
-1.198611617	-0.082271681	59900.88222
-1.200574756	-0.084180927	59940.87923
-1.202614427	-0.086260426	59980.87643
-1.203545928	-0.087477447	60002.88024
-1.202639818	-0.081449017	60024.87924
-1.200580001	-0.075477821	60064.87505
-1.19860208	-0.071413576	60104.87105
-1.196594119	-0.06739115	60144.86806
-1.194549203	-0.063708045	60184.86526
-1.19260931	-0.060420661	60224.86227
-1.190581322	-0.056873088	60264.85828
-1.188583136	-0.053676711	60304.85408
-1.186554074	-0.050530481	60344.85129
-1.184543967	-0.047617049	60384.8485
-1.182602048	-0.044586927	60424.8459
-1.180624008	-0.042604157	60464.84171
-1.178587437	-0.039968379	60504.83771
-1.176611543	-0.03740185	60544.83482
-1.174589753	-0.035447855	60584.83213
-1.172572494	-0.033276651	60624.82933
-1.170574188	-0.031217784	60664.82534
-1.168572664	-0.029310535	60704.82125
-1.166552186	-0.027523477	60744.81835
-1.164587855	-0.025700547	60784.81566
-1.162605524	-0.024030092	60824.81296
-1.160562634	-0.022441923	60864.80887
-1.158613205	-0.020917734	60904.80478
-1.156598091	-0.019537175	60944.80188
-1.154607177	-0.018113989	60984.79919
-1.15259707	-0.016761028	61024.7965
-1.150632858	-0.015687531	61064.7924
-1.148603797	-0.014421739	61104.78831
-1.146586418	-0.013210128	61144.78541
-1.144555211	-0.012246789	61184.78282
-1.142563224	-0.011043297	61224.78003
-1.140553355	-0.009951128	61264.77603
-1.138557196	-0.008953501	61304.77184
-1.136547327	-0.007999641	61344.76905
-1.134549975	-0.007119998	61384.76625
-1.132564545	-0.006300914	61424.76366
-1.130568266	-0.00544479	61464.75946
-1.128586054	-0.004680411	61504.75547
-1.126572847	-0.003946461	61544.75248
-1.12459898	-0.003272167	61584.74988
-1.122600555	-0.002559386	61624.74709
-1.120569587	-0.001927206	61664.7431
-1.118576646	-0.001362929	61704.7389
-1.116554976	-0.000737583	61744.73611
-1.114573717	-0.000202359	61784.73331
-1.112583637	0.000299417	61824.73072
-1.110560179	0.000746626	61864.72653
-1.108564019	0.001177276	61904.72253
-1.106558442	0.001575161	61944.71954
-1.104584336	0.001592568	61984.71695
-1.102590322	0.002014085	62024.71415
-1.1005826	0.002384974	62064.71016
-1.09856832	0.002781283	62104.70596
-1.096593499	0.003096651	62144.70317
-1.094552755	0.003405197	62184.70038
-1.09253943	0.003720542	62224.69778
-1.090565681	0.004018091	62264.69359
-1.088569522	0.004252633	62304.6896
-1.086538434	0.004541387	62344.6867
-1.084564447	0.004775165	62384.68401
-1.082558751	0.005015909	62424.68121
-1.080563903	0.005229314	62464.67722
-1.078571796	0.005451468	62504.67313
-1.076624513	0.005641	62544.67023
-1.074556112	0.005804875	62584.66754
-1.072595954	0.005988847	62624.66485
-1.070582986	0.006151426	62664.66075
-1.068550825	0.006329893	62704.65666
-1.066566229	0.006509733	62744.65376
-1.064557314	0.006682667	62784.65107
-1.062551498	0.006754322	62824.64838
-1.060576797	0.006848339	62864.64428
-1.058545589	0.006938032	62904.64019
-1.056527138	0.007096807	62944.6373
-1.054562688	0.007225142	62984.6346
-1.052604795	0.007375477	63024.63191
-1.05056417	0.007495706	63064.62791
-1.048583984	0.007600326	63104.62372
-1.046559095	0.007710961	63144.62093
-1.044565082	0.007801757	63184.61813
-1.042569876	0.007906	63224.61544
-1.040517688	0.008036212	63264.61135
-1.038597822	0.008158173	63304.60735
-1.036560297	0.008236624	63344.60436
-1.034537554	0.008308213	63384.60176
-1.032548904	0.008401406	63424.59897
-1.030543208	0.008494041	63464.59498
-1.028542757	0.008539047	63504.59078
-1.026592255	0.008655266	63544.58799
-1.024603486	0.008739166	63584.5852
-1.022542477	0.008809032	63624.5826
-1.020596385	0.008888335	63664.57841
-1.01860559	0.00900664	63704.57441
-1.016582966	0.009082811	63744.57142
-1.014572859	0.009155461	63784.56883
-1.012584209	0.009198231	63824.56603
-1.010566831	0.009220779	63864.56204
-1.008560181	0.009294317	63904.55785
-1.006584048	0.00935552	63944.55505
-1.0046736	0.009413747	63982.55196
-1.003816128	0.010244974	64000.47186
